lead_id,company,email,website,country,subject,body,status,created_at,sent_at,error
946,smc.gov.sg,smc_complaints-statdecl@spb.gov.sg,https://www.smc.gov.sg,,GPS SOS Watch and GPS Tracking Devices Cooperation,"Dear Team,

We are SOGRACE, a professional GPS tracking device manufacturer from China.

We provide:
- Elderly GPS SOS watches
- Personal GPS trackers
- Pet GPS trackers
- Vehicle GPS trackers
- Asset GPS tracking devices
- GPS platform and APP solutions

We support OEM / ODM customization, APP branding, platform integration, and bulk supply for distributors.

Would you be interested in receiving our latest catalog and cooperation options?

Best regards,
Chen
SOGRACE
www.sograce.cn
info@sograce.cn

If this message is not relevant, please reply ""unsubscribe"" and we will not contact you again.
",READY,2026-06-11 12:28:24,,
945,smc.gov.sg,smc_cme@spb.gov.sg,https://www.smc.gov.sg,,GPS SOS Watch and GPS Tracking Devices Cooperation,"Dear Team,

We are SOGRACE, a professional GPS tracking device manufacturer from China.

We provide:
- Elderly GPS SOS watches
- Personal GPS trackers
- Pet GPS trackers
- Vehicle GPS trackers
- Asset GPS tracking devices
- GPS platform and APP solutions

We support OEM / ODM customization, APP branding, platform integration, and bulk supply for distributors.

Would you be interested in receiving our latest catalog and cooperation options?

Best regards,
Chen
SOGRACE
www.sograce.cn
info@sograce.cn

If this message is not relevant, please reply ""unsubscribe"" and we will not contact you again.
",READY,2026-06-11 12:28:24,,
944,smc.gov.sg,smc@spb.gov.sg,https://www.smc.gov.sg,,GPS SOS Watch and GPS Tracking Devices Cooperation,"Dear Team,

We are SOGRACE, a professional GPS tracking device manufacturer from China.

We provide:
- Elderly GPS SOS watches
- Personal GPS trackers
- Pet GPS trackers
- Vehicle GPS trackers
- Asset GPS tracking devices
- GPS platform and APP solutions

We support OEM / ODM customization, APP branding, platform integration, and bulk supply for distributors.

Would you be interested in receiving our latest catalog and cooperation options?

Best regards,
Chen
SOGRACE
www.sograce.cn
info@sograce.cn

If this message is not relevant, please reply ""unsubscribe"" and we will not contact you again.
",READY,2026-06-11 12:28:24,,
943,usdictionary.com,contact@connellmedia.com,https://usdictionary.com,,GPS SOS Watch and GPS Tracking Devices Cooperation,"Dear Team,

We are SOGRACE, a professional GPS tracking device manufacturer from China.

We provide:
- Elderly GPS SOS watches
- Personal GPS trackers
- Pet GPS trackers
- Vehicle GPS trackers
- Asset GPS tracking devices
- GPS platform and APP solutions

We support OEM / ODM customization, APP branding, platform integration, and bulk supply for distributors.

Would you be interested in receiving our latest catalog and cooperation options?

Best regards,
Chen
SOGRACE
www.sograce.cn
info@sograce.cn

If this message is not relevant, please reply ""unsubscribe"" and we will not contact you again.
",READY,2026-06-11 12:28:24,,
942,selfexploration.academy,user@domain.com,https://selfexploration.academy,,GPS SOS Watch and GPS Tracking Devices Cooperation,"Dear Team,

We are SOGRACE, a professional GPS tracking device manufacturer from China.

We provide:
- Elderly GPS SOS watches
- Personal GPS trackers
- Pet GPS trackers
- Vehicle GPS trackers
- Asset GPS tracking devices
- GPS platform and APP solutions

We support OEM / ODM customization, APP branding, platform integration, and bulk supply for distributors.

Would you be interested in receiving our latest catalog and cooperation options?

Best regards,
Chen
SOGRACE
www.sograce.cn
info@sograce.cn

If this message is not relevant, please reply ""unsubscribe"" and we will not contact you again.
",READY,2026-06-11 12:28:24,,
941,selfexploration.academy,hello@myselfexploration.org,https://selfexploration.academy,,GPS SOS Watch and GPS Tracking Devices Cooperation,"Dear Team,

We are SOGRACE, a professional GPS tracking device manufacturer from China.

We provide:
- Elderly GPS SOS watches
- Personal GPS trackers
- Pet GPS trackers
- Vehicle GPS trackers
- Asset GPS tracking devices
- GPS platform and APP solutions

We support OEM / ODM customization, APP branding, platform integration, and bulk supply for distributors.

Would you be interested in receiving our latest catalog and cooperation options?

Best regards,
Chen
SOGRACE
www.sograce.cn
info@sograce.cn

If this message is not relevant, please reply ""unsubscribe"" and we will not contact you again.
",READY,2026-06-11 12:28:24,,
940,valuta.exchange,valuta@inkofpixel.com,https://valuta.exchange,,GPS SOS Watch and GPS Tracking Devices Cooperation,"Dear Team,

We are SOGRACE, a professional GPS tracking device manufacturer from China.

We provide:
- Elderly GPS SOS watches
- Personal GPS trackers
- Pet GPS trackers
- Vehicle GPS trackers
- Asset GPS tracking devices
- GPS platform and APP solutions

We support OEM / ODM customization, APP branding, platform integration, and bulk supply for distributors.

Would you be interested in receiving our latest catalog and cooperation options?

Best regards,
Chen
SOGRACE
www.sograce.cn
info@sograce.cn

If this message is not relevant, please reply ""unsubscribe"" and we will not contact you again.
",READY,2026-06-11 12:28:24,,
939,centralclinic.com.sg,enquiries@centralclinic.com.sg,https://www.centralclinic.com.sg,,GPS SOS Watch and GPS Tracking Devices Cooperation,"Dear Team,

We are SOGRACE, a professional GPS tracking device manufacturer from China.

We provide:
- Elderly GPS SOS watches
- Personal GPS trackers
- Pet GPS trackers
- Vehicle GPS trackers
- Asset GPS tracking devices
- GPS platform and APP solutions

We support OEM / ODM customization, APP branding, platform integration, and bulk supply for distributors.

Would you be interested in receiving our latest catalog and cooperation options?

Best regards,
Chen
SOGRACE
www.sograce.cn
info@sograce.cn

If this message is not relevant, please reply ""unsubscribe"" and we will not contact you again.
",READY,2026-06-11 12:28:24,,
935,sata.com.sg,enquiries@sata.com.sg,https://www.sata.com.sg,,GPS SOS Watch and GPS Tracking Devices Cooperation,"Dear Team,

We are SOGRACE, a professional GPS tracking device manufacturer from China.

We provide:
- Elderly GPS SOS watches
- Personal GPS trackers
- Pet GPS trackers
- Vehicle GPS trackers
- Asset GPS tracking devices
- GPS platform and APP solutions

We support OEM / ODM customization, APP branding, platform integration, and bulk supply for distributors.

Would you be interested in receiving our latest catalog and cooperation options?

Best regards,
Chen
SOGRACE
www.sograce.cn
info@sograce.cn

If this message is not relevant, please reply ""unsubscribe"" and we will not contact you again.
",READY,2026-06-11 12:28:24,,
932,zhihu.com,jubao@zhihu.com,https://www.zhihu.com,,GPS SOS Watch and GPS Tracking Devices Cooperation,"Dear Team,

We are SOGRACE, a professional GPS tracking device manufacturer from China.

We provide:
- Elderly GPS SOS watches
- Personal GPS trackers
- Pet GPS trackers
- Vehicle GPS trackers
- Asset GPS tracking devices
- GPS platform and APP solutions

We support OEM / ODM customization, APP branding, platform integration, and bulk supply for distributors.

Would you be interested in receiving our latest catalog and cooperation options?

Best regards,
Chen
SOGRACE
www.sograce.cn
info@sograce.cn

If this message is not relevant, please reply ""unsubscribe"" and we will not contact you again.
",READY,2026-06-11 12:28:24,,
930,zhihu.com,bd@zhihu.com,https://www.zhihu.com,,GPS SOS Watch and GPS Tracking Devices Cooperation,"Dear Team,

We are SOGRACE, a professional GPS tracking device manufacturer from China.

We provide:
- Elderly GPS SOS watches
- Personal GPS trackers
- Pet GPS trackers
- Vehicle GPS trackers
- Asset GPS tracking devices
- GPS platform and APP solutions

We support OEM / ODM customization, APP branding, platform integration, and bulk supply for distributors.

Would you be interested in receiving our latest catalog and cooperation options?

Best regards,
Chen
SOGRACE
www.sograce.cn
info@sograce.cn

If this message is not relevant, please reply ""unsubscribe"" and we will not contact you again.
",READY,2026-06-11 12:28:24,,
929,zhihu.com,agency@zhihu.com,https://www.zhihu.com,,GPS SOS Watch and GPS Tracking Devices Cooperation,"Dear Team,

We are SOGRACE, a professional GPS tracking device manufacturer from China.

We provide:
- Elderly GPS SOS watches
- Personal GPS trackers
- Pet GPS trackers
- Vehicle GPS trackers
- Asset GPS tracking devices
- GPS platform and APP solutions

We support OEM / ODM customization, APP branding, platform integration, and bulk supply for distributors.

Would you be interested in receiving our latest catalog and cooperation options?

Best regards,
Chen
SOGRACE
www.sograce.cn
info@sograce.cn

If this message is not relevant, please reply ""unsubscribe"" and we will not contact you again.
",READY,2026-06-11 12:28:24,,
928,zhihu.com,ad@zhihu.com,https://www.zhihu.com,,GPS SOS Watch and GPS Tracking Devices Cooperation,"Dear Team,

We are SOGRACE, a professional GPS tracking device manufacturer from China.

We provide:
- Elderly GPS SOS watches
- Personal GPS trackers
- Pet GPS trackers
- Vehicle GPS trackers
- Asset GPS tracking devices
- GPS platform and APP solutions

We support OEM / ODM customization, APP branding, platform integration, and bulk supply for distributors.

Would you be interested in receiving our latest catalog and cooperation options?

Best regards,
Chen
SOGRACE
www.sograce.cn
info@sograce.cn

If this message is not relevant, please reply ""unsubscribe"" and we will not contact you again.
",READY,2026-06-11 12:28:24,,
927,zhihu.com,2d8d764432cc4f6fb3bc78ab9528299d@crash2.zhihu.com,https://www.zhihu.com,,GPS SOS Watch and GPS Tracking Devices Cooperation,"Dear Team,

We are SOGRACE, a professional GPS tracking device manufacturer from China.

We provide:
- Elderly GPS SOS watches
- Personal GPS trackers
- Pet GPS trackers
- Vehicle GPS trackers
- Asset GPS tracking devices
- GPS platform and APP solutions

We support OEM / ODM customization, APP branding, platform integration, and bulk supply for distributors.

Would you be interested in receiving our latest catalog and cooperation options?

Best regards,
Chen
SOGRACE
www.sograce.cn
info@sograce.cn

If this message is not relevant, please reply ""unsubscribe"" and we will not contact you again.
",READY,2026-06-11 12:28:24,,
913,brilliant.org,support@brilliant.org,https://brilliant.org,,GPS SOS Watch and GPS Tracking Devices Cooperation,"Dear Team,

We are SOGRACE, a professional GPS tracking device manufacturer from China.

We provide:
- Elderly GPS SOS watches
- Personal GPS trackers
- Pet GPS trackers
- Vehicle GPS trackers
- Asset GPS tracking devices
- GPS platform and APP solutions

We support OEM / ODM customization, APP branding, platform integration, and bulk supply for distributors.

Would you be interested in receiving our latest catalog and cooperation options?

Best regards,
Chen
SOGRACE
www.sograce.cn
info@sograce.cn

If this message is not relevant, please reply ""unsubscribe"" and we will not contact you again.
",READY,2026-06-11 12:28:24,,
912,splashlearn.com,support@splashlearn.com,https://www.splashlearn.com,,GPS SOS Watch and GPS Tracking Devices Cooperation,"Dear Team,

We are SOGRACE, a professional GPS tracking device manufacturer from China.

We provide:
- Elderly GPS SOS watches
- Personal GPS trackers
- Pet GPS trackers
- Vehicle GPS trackers
- Asset GPS tracking devices
- GPS platform and APP solutions

We support OEM / ODM customization, APP branding, platform integration, and bulk supply for distributors.

Would you be interested in receiving our latest catalog and cooperation options?

Best regards,
Chen
SOGRACE
www.sograce.cn
info@sograce.cn

If this message is not relevant, please reply ""unsubscribe"" and we will not contact you again.
",READY,2026-06-11 12:28:24,,
911,splashlearn.com,help@splashlearn.com,https://www.splashlearn.com,,GPS SOS Watch and GPS Tracking Devices Cooperation,"Dear Team,

We are SOGRACE, a professional GPS tracking device manufacturer from China.

We provide:
- Elderly GPS SOS watches
- Personal GPS trackers
- Pet GPS trackers
- Vehicle GPS trackers
- Asset GPS tracking devices
- GPS platform and APP solutions

We support OEM / ODM customization, APP branding, platform integration, and bulk supply for distributors.

Would you be interested in receiving our latest catalog and cooperation options?

Best regards,
Chen
SOGRACE
www.sograce.cn
info@sograce.cn

If this message is not relevant, please reply ""unsubscribe"" and we will not contact you again.
",READY,2026-06-11 12:28:24,,
910,splashlearn.com,customtrackers@2.3.1.js,https://www.splashlearn.com,,GPS SOS Watch and GPS Tracking Devices Cooperation,"Dear Team,

We are SOGRACE, a professional GPS tracking device manufacturer from China.

We provide:
- Elderly GPS SOS watches
- Personal GPS trackers
- Pet GPS trackers
- Vehicle GPS trackers
- Asset GPS tracking devices
- GPS platform and APP solutions

We support OEM / ODM customization, APP branding, platform integration, and bulk supply for distributors.

Would you be interested in receiving our latest catalog and cooperation options?

Best regards,
Chen
SOGRACE
www.sograce.cn
info@sograce.cn

If this message is not relevant, please reply ""unsubscribe"" and we will not contact you again.
",READY,2026-06-11 12:28:24,,
909,brighterly.com,payments@brighterly.com,https://brighterly.com,,GPS SOS Watch and GPS Tracking Devices Cooperation,"Dear Team,

We are SOGRACE, a professional GPS tracking device manufacturer from China.

We provide:
- Elderly GPS SOS watches
- Personal GPS trackers
- Pet GPS trackers
- Vehicle GPS trackers
- Asset GPS tracking devices
- GPS platform and APP solutions

We support OEM / ODM customization, APP branding, platform integration, and bulk supply for distributors.

Would you be interested in receiving our latest catalog and cooperation options?

Best regards,
Chen
SOGRACE
www.sograce.cn
info@sograce.cn

If this message is not relevant, please reply ""unsubscribe"" and we will not contact you again.
",READY,2026-06-11 12:28:24,,
908,brighterly.com,partnerships@brighterly.com,https://brighterly.com,,GPS SOS Watch and GPS Tracking Devices Cooperation,"Dear Team,

We are SOGRACE, a professional GPS tracking device manufacturer from China.

We provide:
- Elderly GPS SOS watches
- Personal GPS trackers
- Pet GPS trackers
- Vehicle GPS trackers
- Asset GPS tracking devices
- GPS platform and APP solutions

We support OEM / ODM customization, APP branding, platform integration, and bulk supply for distributors.

Would you be interested in receiving our latest catalog and cooperation options?

Best regards,
Chen
SOGRACE
www.sograce.cn
info@sograce.cn

If this message is not relevant, please reply ""unsubscribe"" and we will not contact you again.
",READY,2026-06-11 12:28:24,,
907,brighterly.com,info@brighterly.com,https://brighterly.com,,GPS SOS Watch and GPS Tracking Devices Cooperation,"Dear Team,

We are SOGRACE, a professional GPS tracking device manufacturer from China.

We provide:
- Elderly GPS SOS watches
- Personal GPS trackers
- Pet GPS trackers
- Vehicle GPS trackers
- Asset GPS tracking devices
- GPS platform and APP solutions

We support OEM / ODM customization, APP branding, platform integration, and bulk supply for distributors.

Would you be interested in receiving our latest catalog and cooperation options?

Best regards,
Chen
SOGRACE
www.sograce.cn
info@sograce.cn

If this message is not relevant, please reply ""unsubscribe"" and we will not contact you again.
",READY,2026-06-11 12:28:24,,
901,daum.net,sbs8news@sbs.co.kr,https://www.daum.net,,GPS SOS Watch and GPS Tracking Devices Cooperation,"Dear Team,

We are SOGRACE, a professional GPS tracking device manufacturer from China.

We provide:
- Elderly GPS SOS watches
- Personal GPS trackers
- Pet GPS trackers
- Vehicle GPS trackers
- Asset GPS tracking devices
- GPS platform and APP solutions

We support OEM / ODM customization, APP branding, platform integration, and bulk supply for distributors.

Would you be interested in receiving our latest catalog and cooperation options?

Best regards,
Chen
SOGRACE
www.sograce.cn
info@sograce.cn

If this message is not relevant, please reply ""unsubscribe"" and we will not contact you again.
",READY,2026-06-11 12:28:24,,
900,daum.net,kbs1234@kbs.co.kr,https://www.daum.net,,GPS SOS Watch and GPS Tracking Devices Cooperation,"Dear Team,

We are SOGRACE, a professional GPS tracking device manufacturer from China.

We provide:
- Elderly GPS SOS watches
- Personal GPS trackers
- Pet GPS trackers
- Vehicle GPS trackers
- Asset GPS tracking devices
- GPS platform and APP solutions

We support OEM / ODM customization, APP branding, platform integration, and bulk supply for distributors.

Would you be interested in receiving our latest catalog and cooperation options?

Best regards,
Chen
SOGRACE
www.sograce.cn
info@sograce.cn

If this message is not relevant, please reply ""unsubscribe"" and we will not contact you again.
",READY,2026-06-11 12:28:24,,
878,utp.edu.pe,admision@utp.edu.pe,https://www.utp.edu.pe,,GPS SOS Watch and GPS Tracking Devices Cooperation,"Dear Team,

We are SOGRACE, a professional GPS tracking device manufacturer from China.

We provide:
- Elderly GPS SOS watches
- Personal GPS trackers
- Pet GPS trackers
- Vehicle GPS trackers
- Asset GPS tracking devices
- GPS platform and APP solutions

We support OEM / ODM customization, APP branding, platform integration, and bulk supply for distributors.

Would you be interested in receiving our latest catalog and cooperation options?

Best regards,
Chen
SOGRACE
www.sograce.cn
info@sograce.cn

If this message is not relevant, please reply ""unsubscribe"" and we will not contact you again.
",READY,2026-06-11 12:28:24,,
877,conareme.org.pe,recepcion@conareme.org.pe,https://www.conareme.org.pe,,GPS SOS Watch and GPS Tracking Devices Cooperation,"Dear Team,

We are SOGRACE, a professional GPS tracking device manufacturer from China.

We provide:
- Elderly GPS SOS watches
- Personal GPS trackers
- Pet GPS trackers
- Vehicle GPS trackers
- Asset GPS tracking devices
- GPS platform and APP solutions

We support OEM / ODM customization, APP branding, platform integration, and bulk supply for distributors.

Would you be interested in receiving our latest catalog and cooperation options?

Best regards,
Chen
SOGRACE
www.sograce.cn
info@sograce.cn

If this message is not relevant, please reply ""unsubscribe"" and we will not contact you again.
",READY,2026-06-11 12:28:24,,
844,importgenius.com,media@importgenius.com,https://www.importgenius.com,,GPS SOS Watch and GPS Tracking Devices Cooperation,"Dear Team,

We are SOGRACE, a professional GPS tracking device manufacturer from China.

We provide:
- Elderly GPS SOS watches
- Personal GPS trackers
- Pet GPS trackers
- Vehicle GPS trackers
- Asset GPS tracking devices
- GPS platform and APP solutions

We support OEM / ODM customization, APP branding, platform integration, and bulk supply for distributors.

Would you be interested in receiving our latest catalog and cooperation options?

Best regards,
Chen
SOGRACE
www.sograce.cn
info@sograce.cn

If this message is not relevant, please reply ""unsubscribe"" and we will not contact you again.
",READY,2026-06-11 12:28:24,,
843,w3.org,w3t-pr@w3.org,http://www.w3.org/1999/xhtml,,GPS SOS Watch and GPS Tracking Devices Cooperation,"Dear Team,

We are SOGRACE, a professional GPS tracking device manufacturer from China.

We provide:
- Elderly GPS SOS watches
- Personal GPS trackers
- Pet GPS trackers
- Vehicle GPS trackers
- Asset GPS tracking devices
- GPS platform and APP solutions

We support OEM / ODM customization, APP branding, platform integration, and bulk supply for distributors.

Would you be interested in receiving our latest catalog and cooperation options?

Best regards,
Chen
SOGRACE
www.sograce.cn
info@sograce.cn

If this message is not relevant, please reply ""unsubscribe"" and we will not contact you again.
",READY,2026-06-11 12:28:24,,
842,w3.org,team-wcap-contact@w3.org,http://www.w3.org/1999/xhtml,,GPS SOS Watch and GPS Tracking Devices Cooperation,"Dear Team,

We are SOGRACE, a professional GPS tracking device manufacturer from China.

We provide:
- Elderly GPS SOS watches
- Personal GPS trackers
- Pet GPS trackers
- Vehicle GPS trackers
- Asset GPS tracking devices
- GPS platform and APP solutions

We support OEM / ODM customization, APP branding, platform integration, and bulk supply for distributors.

Would you be interested in receiving our latest catalog and cooperation options?

Best regards,
Chen
SOGRACE
www.sograce.cn
info@sograce.cn

If this message is not relevant, please reply ""unsubscribe"" and we will not contact you again.
",READY,2026-06-11 12:28:24,,
841,w3.org,team-liaisons@w3.org,http://www.w3.org/1999/xhtml,,GPS SOS Watch and GPS Tracking Devices Cooperation,"Dear Team,

We are SOGRACE, a professional GPS tracking device manufacturer from China.

We provide:
- Elderly GPS SOS watches
- Personal GPS trackers
- Pet GPS trackers
- Vehicle GPS trackers
- Asset GPS tracking devices
- GPS platform and APP solutions

We support OEM / ODM customization, APP branding, platform integration, and bulk supply for distributors.

Would you be interested in receiving our latest catalog and cooperation options?

Best regards,
Chen
SOGRACE
www.sograce.cn
info@sograce.cn

If this message is not relevant, please reply ""unsubscribe"" and we will not contact you again.
",READY,2026-06-11 12:28:24,,
840,w3.org,team-china-contact@w3.org,http://www.w3.org/1999/xhtml,,GPS SOS Watch and GPS Tracking Devices Cooperation,"Dear Team,

We are SOGRACE, a professional GPS tracking device manufacturer from China.

We provide:
- Elderly GPS SOS watches
- Personal GPS trackers
- Pet GPS trackers
- Vehicle GPS trackers
- Asset GPS tracking devices
- GPS platform and APP solutions

We support OEM / ODM customization, APP branding, platform integration, and bulk supply for distributors.

Would you be interested in receiving our latest catalog and cooperation options?

Best regards,
Chen
SOGRACE
www.sograce.cn
info@sograce.cn

If this message is not relevant, please reply ""unsubscribe"" and we will not contact you again.
",READY,2026-06-11 12:28:24,,
839,w3.org,sysreq@w3.org,http://www.w3.org/1999/xhtml,,GPS SOS Watch and GPS Tracking Devices Cooperation,"Dear Team,

We are SOGRACE, a professional GPS tracking device manufacturer from China.

We provide:
- Elderly GPS SOS watches
- Personal GPS trackers
- Pet GPS trackers
- Vehicle GPS trackers
- Asset GPS tracking devices
- GPS platform and APP solutions

We support OEM / ODM customization, APP branding, platform integration, and bulk supply for distributors.

Would you be interested in receiving our latest catalog and cooperation options?

Best regards,
Chen
SOGRACE
www.sograce.cn
info@sograce.cn

If this message is not relevant, please reply ""unsubscribe"" and we will not contact you again.
",READY,2026-06-11 12:28:24,,
838,w3.org,site-comments@w3.org,http://www.w3.org/1999/xhtml,,GPS SOS Watch and GPS Tracking Devices Cooperation,"Dear Team,

We are SOGRACE, a professional GPS tracking device manufacturer from China.

We provide:
- Elderly GPS SOS watches
- Personal GPS trackers
- Pet GPS trackers
- Vehicle GPS trackers
- Asset GPS tracking devices
- GPS platform and APP solutions

We support OEM / ODM customization, APP branding, platform integration, and bulk supply for distributors.

Would you be interested in receiving our latest catalog and cooperation options?

Best regards,
Chen
SOGRACE
www.sograce.cn
info@sograce.cn

If this message is not relevant, please reply ""unsubscribe"" and we will not contact you again.
",READY,2026-06-11 12:28:24,,
837,w3.org,membership@w3.org,http://www.w3.org/1999/xhtml,,GPS SOS Watch and GPS Tracking Devices Cooperation,"Dear Team,

We are SOGRACE, a professional GPS tracking device manufacturer from China.

We provide:
- Elderly GPS SOS watches
- Personal GPS trackers
- Pet GPS trackers
- Vehicle GPS trackers
- Asset GPS tracking devices
- GPS platform and APP solutions

We support OEM / ODM customization, APP branding, platform integration, and bulk supply for distributors.

Would you be interested in receiving our latest catalog and cooperation options?

Best regards,
Chen
SOGRACE
www.sograce.cn
info@sograce.cn

If this message is not relevant, please reply ""unsubscribe"" and we will not contact you again.
",READY,2026-06-11 12:28:24,,
836,w3.org,invoicing@w3.org,http://www.w3.org/1999/xhtml,,GPS SOS Watch and GPS Tracking Devices Cooperation,"Dear Team,

We are SOGRACE, a professional GPS tracking device manufacturer from China.

We provide:
- Elderly GPS SOS watches
- Personal GPS trackers
- Pet GPS trackers
- Vehicle GPS trackers
- Asset GPS tracking devices
- GPS platform and APP solutions

We support OEM / ODM customization, APP branding, platform integration, and bulk supply for distributors.

Would you be interested in receiving our latest catalog and cooperation options?

Best regards,
Chen
SOGRACE
www.sograce.cn
info@sograce.cn

If this message is not relevant, please reply ""unsubscribe"" and we will not contact you again.
",READY,2026-06-11 12:28:24,,
835,w3.org,giving@w3.org,http://www.w3.org/1999/xhtml,,GPS SOS Watch and GPS Tracking Devices Cooperation,"Dear Team,

We are SOGRACE, a professional GPS tracking device manufacturer from China.

We provide:
- Elderly GPS SOS watches
- Personal GPS trackers
- Pet GPS trackers
- Vehicle GPS trackers
- Asset GPS tracking devices
- GPS platform and APP solutions

We support OEM / ODM customization, APP branding, platform integration, and bulk supply for distributors.

Would you be interested in receiving our latest catalog and cooperation options?

Best regards,
Chen
SOGRACE
www.sograce.cn
info@sograce.cn

If this message is not relevant, please reply ""unsubscribe"" and we will not contact you again.
",READY,2026-06-11 12:28:24,,
834,w3.org,contact@w3.org,http://www.w3.org/1999/xhtml,,GPS SOS Watch and GPS Tracking Devices Cooperation,"Dear Team,

We are SOGRACE, a professional GPS tracking device manufacturer from China.

We provide:
- Elderly GPS SOS watches
- Personal GPS trackers
- Pet GPS trackers
- Vehicle GPS trackers
- Asset GPS tracking devices
- GPS platform and APP solutions

We support OEM / ODM customization, APP branding, platform integration, and bulk supply for distributors.

Would you be interested in receiving our latest catalog and cooperation options?

Best regards,
Chen
SOGRACE
www.sograce.cn
info@sograce.cn

If this message is not relevant, please reply ""unsubscribe"" and we will not contact you again.
",READY,2026-06-11 12:28:24,,
832,QEOS AGR-GPS APP BURENREGELING,info@qeos.be,http://www.qeos.be/nl/product/a/117/vehicleviewer-agr-gps-app,Belgium,GPS SOS Watch and GPS Tracking Devices Cooperation,"Dear Team,

We are SOGRACE, a professional GPS tracking device manufacturer from China.

We provide:
- Elderly GPS SOS watches
- Personal GPS trackers
- Pet GPS trackers
- Vehicle GPS trackers
- Asset GPS tracking devices
- GPS platform and APP solutions

We support OEM / ODM customization, APP branding, platform integration, and bulk supply for distributors.

Would you be interested in receiving our latest catalog and cooperation options?

Best regards,
Chen
SOGRACE
www.sograce.cn
info@sograce.cn

If this message is not relevant, please reply ""unsubscribe"" and we will not contact you again.
",READY,2026-06-11 12:28:24,,
831,AIS,contacto@atlantistelecom.com,https://www.atlantistelecom.com/,,GPS SOS Watch and GPS Tracking Devices Cooperation,"Dear Team,

We are SOGRACE, a professional GPS tracking device manufacturer from China.

We provide:
- Elderly GPS SOS watches
- Personal GPS trackers
- Pet GPS trackers
- Vehicle GPS trackers
- Asset GPS tracking devices
- GPS platform and APP solutions

We support OEM / ODM customization, APP branding, platform integration, and bulk supply for distributors.

Would you be interested in receiving our latest catalog and cooperation options?

Best regards,
Chen
SOGRACE
www.sograce.cn
info@sograce.cn

If this message is not relevant, please reply ""unsubscribe"" and we will not contact you again.
",READY,2026-06-11 12:28:24,,
830,Beam Wallet,shop@beamwallet.com,https://shop.beamwallet.com,,GPS SOS Watch and GPS Tracking Devices Cooperation,"Dear Team,

We are SOGRACE, a professional GPS tracking device manufacturer from China.

We provide:
- Elderly GPS SOS watches
- Personal GPS trackers
- Pet GPS trackers
- Vehicle GPS trackers
- Asset GPS tracking devices
- GPS platform and APP solutions

We support OEM / ODM customization, APP branding, platform integration, and bulk supply for distributors.

Would you be interested in receiving our latest catalog and cooperation options?

Best regards,
Chen
SOGRACE
www.sograce.cn
info@sograce.cn

If this message is not relevant, please reply ""unsubscribe"" and we will not contact you again.
",READY,2026-06-11 12:28:24,,
823,AlphaESS Energy Storage – Flexible Lithium-Ion Storage Solution for Businesses and Private Use,info@solarnordwest.de,https://www.solarnordwest.de/,Germany,GPS SOS Watch and GPS Tracking Devices Cooperation,"Dear Team,

We are SOGRACE, a professional GPS tracking device manufacturer from China.

We provide:
- Elderly GPS SOS watches
- Personal GPS trackers
- Pet GPS trackers
- Vehicle GPS trackers
- Asset GPS tracking devices
- GPS platform and APP solutions

We support OEM / ODM customization, APP branding, platform integration, and bulk supply for distributors.

Would you be interested in receiving our latest catalog and cooperation options?

Best regards,
Chen
SOGRACE
www.sograce.cn
info@sograce.cn

If this message is not relevant, please reply ""unsubscribe"" and we will not contact you again.
",READY,2026-06-11 12:28:24,,
819,Security Labels Förster tamper-proof counterfeit-proof VOID Labels industrial marking protection,info@foerster-etiketten.com,https://foerster-etiketten.com/etiketten/sicherheits-und-pruefetiketten/sicherheits-etiketten/,,GPS SOS Watch and GPS Tracking Devices Cooperation,"Dear Team,

We are SOGRACE, a professional GPS tracking device manufacturer from China.

We provide:
- Elderly GPS SOS watches
- Personal GPS trackers
- Pet GPS trackers
- Vehicle GPS trackers
- Asset GPS tracking devices
- GPS platform and APP solutions

We support OEM / ODM customization, APP branding, platform integration, and bulk supply for distributors.

Would you be interested in receiving our latest catalog and cooperation options?

Best regards,
Chen
SOGRACE
www.sograce.cn
info@sograce.cn

If this message is not relevant, please reply ""unsubscribe"" and we will not contact you again.
",READY,2026-06-11 12:28:24,,
816,RUEZ GmbH,info@ruez.de,http://www.ruez.de/,Germany,GPS SOS Watch and GPS Tracking Devices Cooperation,"Dear Team,

We are SOGRACE, a professional GPS tracking device manufacturer from China.

We provide:
- Elderly GPS SOS watches
- Personal GPS trackers
- Pet GPS trackers
- Vehicle GPS trackers
- Asset GPS tracking devices
- GPS platform and APP solutions

We support OEM / ODM customization, APP branding, platform integration, and bulk supply for distributors.

Would you be interested in receiving our latest catalog and cooperation options?

Best regards,
Chen
SOGRACE
www.sograce.cn
info@sograce.cn

If this message is not relevant, please reply ""unsubscribe"" and we will not contact you again.
",READY,2026-06-11 12:28:24,,
815,SKY ART SHADING LTD.,info@skyartshading.com,https://www.skyartshading.com,,GPS SOS Watch and GPS Tracking Devices Cooperation,"Dear Team,

We are SOGRACE, a professional GPS tracking device manufacturer from China.

We provide:
- Elderly GPS SOS watches
- Personal GPS trackers
- Pet GPS trackers
- Vehicle GPS trackers
- Asset GPS tracking devices
- GPS platform and APP solutions

We support OEM / ODM customization, APP branding, platform integration, and bulk supply for distributors.

Would you be interested in receiving our latest catalog and cooperation options?

Best regards,
Chen
SOGRACE
www.sograce.cn
info@sograce.cn

If this message is not relevant, please reply ""unsubscribe"" and we will not contact you again.
",READY,2026-06-11 12:28:24,,
814,HEXIM,info@hexim.de,http://www.hexim.de/,Germany,GPS SOS Watch and GPS Tracking Devices Cooperation,"Dear Team,

We are SOGRACE, a professional GPS tracking device manufacturer from China.

We provide:
- Elderly GPS SOS watches
- Personal GPS trackers
- Pet GPS trackers
- Vehicle GPS trackers
- Asset GPS tracking devices
- GPS platform and APP solutions

We support OEM / ODM customization, APP branding, platform integration, and bulk supply for distributors.

Would you be interested in receiving our latest catalog and cooperation options?

Best regards,
Chen
SOGRACE
www.sograce.cn
info@sograce.cn

If this message is not relevant, please reply ""unsubscribe"" and we will not contact you again.
",READY,2026-06-11 12:28:24,,
810,CDL Fix system for producing chlorine dioxide solution,team@mychem.ch,https://www.mychem.ch/products/cdl-fix,Switzerland,GPS SOS Watch and GPS Tracking Devices Cooperation,"Dear Team,

We are SOGRACE, a professional GPS tracking device manufacturer from China.

We provide:
- Elderly GPS SOS watches
- Personal GPS trackers
- Pet GPS trackers
- Vehicle GPS trackers
- Asset GPS tracking devices
- GPS platform and APP solutions

We support OEM / ODM customization, APP branding, platform integration, and bulk supply for distributors.

Would you be interested in receiving our latest catalog and cooperation options?

Best regards,
Chen
SOGRACE
www.sograce.cn
info@sograce.cn

If this message is not relevant, please reply ""unsubscribe"" and we will not contact you again.
",READY,2026-06-11 12:28:24,,
805,PE,info@pos-express.de,http://pos-express.de,Germany,GPS SOS Watch and GPS Tracking Devices Cooperation,"Dear Team,

We are SOGRACE, a professional GPS tracking device manufacturer from China.

We provide:
- Elderly GPS SOS watches
- Personal GPS trackers
- Pet GPS trackers
- Vehicle GPS trackers
- Asset GPS tracking devices
- GPS platform and APP solutions

We support OEM / ODM customization, APP branding, platform integration, and bulk supply for distributors.

Would you be interested in receiving our latest catalog and cooperation options?

Best regards,
Chen
SOGRACE
www.sograce.cn
info@sograce.cn

If this message is not relevant, please reply ""unsubscribe"" and we will not contact you again.
",READY,2026-06-11 12:28:24,,
801,Cartridges & consumables,post@rocholl.eu,https://rocholl.eu/en/products/equipment-and-consumables/cartridges-consumables,,GPS SOS Watch and GPS Tracking Devices Cooperation,"Dear Team,

We are SOGRACE, a professional GPS tracking device manufacturer from China.

We provide:
- Elderly GPS SOS watches
- Personal GPS trackers
- Pet GPS trackers
- Vehicle GPS trackers
- Asset GPS tracking devices
- GPS platform and APP solutions

We support OEM / ODM customization, APP branding, platform integration, and bulk supply for distributors.

Would you be interested in receiving our latest catalog and cooperation options?

Best regards,
Chen
SOGRACE
www.sograce.cn
info@sograce.cn

If this message is not relevant, please reply ""unsubscribe"" and we will not contact you again.
",READY,2026-06-11 12:28:24,,
800,Water Filter Components & Cuttings – Precise Plastic Parts for Filtration Systems,info@cnc-cut.de,https://cnc-cut.de/anwendungen/,Germany,GPS SOS Watch and GPS Tracking Devices Cooperation,"Dear Team,

We are SOGRACE, a professional GPS tracking device manufacturer from China.

We provide:
- Elderly GPS SOS watches
- Personal GPS trackers
- Pet GPS trackers
- Vehicle GPS trackers
- Asset GPS tracking devices
- GPS platform and APP solutions

We support OEM / ODM customization, APP branding, platform integration, and bulk supply for distributors.

Would you be interested in receiving our latest catalog and cooperation options?

Best regards,
Chen
SOGRACE
www.sograce.cn
info@sograce.cn

If this message is not relevant, please reply ""unsubscribe"" and we will not contact you again.
",READY,2026-06-11 12:28:24,,
798,Angus Remover,info@hsb-normalien.de,https://www.hsb-shop.de/werkstattbedarf/funkenfreies-werkzeug/hsb-ags-50/444AGS501,Germany,GPS SOS Watch and GPS Tracking Devices Cooperation,"Dear Team,

We are SOGRACE, a professional GPS tracking device manufacturer from China.

We provide:
- Elderly GPS SOS watches
- Personal GPS trackers
- Pet GPS trackers
- Vehicle GPS trackers
- Asset GPS tracking devices
- GPS platform and APP solutions

We support OEM / ODM customization, APP branding, platform integration, and bulk supply for distributors.

Would you be interested in receiving our latest catalog and cooperation options?

Best regards,
Chen
SOGRACE
www.sograce.cn
info@sograce.cn

If this message is not relevant, please reply ""unsubscribe"" and we will not contact you again.
",READY,2026-06-11 12:28:24,,
796,"Silicone Rubber, Impression Material | HP-SI6GB",info@hp-textiles.com,https://shop.hp-textiles.com/shop/de/silikonkautschuk-abformmasse-hp-si6gb-addv.html,,GPS SOS Watch and GPS Tracking Devices Cooperation,"Dear Team,

We are SOGRACE, a professional GPS tracking device manufacturer from China.

We provide:
- Elderly GPS SOS watches
- Personal GPS trackers
- Pet GPS trackers
- Vehicle GPS trackers
- Asset GPS tracking devices
- GPS platform and APP solutions

We support OEM / ODM customization, APP branding, platform integration, and bulk supply for distributors.

Would you be interested in receiving our latest catalog and cooperation options?

Best regards,
Chen
SOGRACE
www.sograce.cn
info@sograce.cn

If this message is not relevant, please reply ""unsubscribe"" and we will not contact you again.
",READY,2026-06-11 12:28:24,,
795,HSA MicroTech Inh. Lars Hantzsche,office@hsa-microtech.de,http://www.hsa-microtech.de/,Germany,GPS SOS Watch and GPS Tracking Devices Cooperation,"Dear Team,

We are SOGRACE, a professional GPS tracking device manufacturer from China.

We provide:
- Elderly GPS SOS watches
- Personal GPS trackers
- Pet GPS trackers
- Vehicle GPS trackers
- Asset GPS tracking devices
- GPS platform and APP solutions

We support OEM / ODM customization, APP branding, platform integration, and bulk supply for distributors.

Would you be interested in receiving our latest catalog and cooperation options?

Best regards,
Chen
SOGRACE
www.sograce.cn
info@sograce.cn

If this message is not relevant, please reply ""unsubscribe"" and we will not contact you again.
",READY,2026-06-11 12:28:24,,
793,Westers Wholesale B.V.,info@westerswholesale.com,https://westerswholesale.com/products/,,GPS SOS Watch and GPS Tracking Devices Cooperation,"Dear Team,

We are SOGRACE, a professional GPS tracking device manufacturer from China.

We provide:
- Elderly GPS SOS watches
- Personal GPS trackers
- Pet GPS trackers
- Vehicle GPS trackers
- Asset GPS tracking devices
- GPS platform and APP solutions

We support OEM / ODM customization, APP branding, platform integration, and bulk supply for distributors.

Would you be interested in receiving our latest catalog and cooperation options?

Best regards,
Chen
SOGRACE
www.sograce.cn
info@sograce.cn

If this message is not relevant, please reply ""unsubscribe"" and we will not contact you again.
",READY,2026-06-11 12:28:24,,
792,J.H. Ziegler GmbH,info@tandem-kommunikation.de,http://www.ziegler.eu/,,GPS SOS Watch and GPS Tracking Devices Cooperation,"Dear Team,

We are SOGRACE, a professional GPS tracking device manufacturer from China.

We provide:
- Elderly GPS SOS watches
- Personal GPS trackers
- Pet GPS trackers
- Vehicle GPS trackers
- Asset GPS tracking devices
- GPS platform and APP solutions

We support OEM / ODM customization, APP branding, platform integration, and bulk supply for distributors.

Would you be interested in receiving our latest catalog and cooperation options?

Best regards,
Chen
SOGRACE
www.sograce.cn
info@sograce.cn

If this message is not relevant, please reply ""unsubscribe"" and we will not contact you again.
",READY,2026-06-11 12:28:24,,
791,Bin-Picking & Box-Gripping Systems for Automated Parts Supply – Klocke Engineering,info@klocke-engineering.de,https://www.klocke-engineering.de/,Germany,GPS SOS Watch and GPS Tracking Devices Cooperation,"Dear Team,

We are SOGRACE, a professional GPS tracking device manufacturer from China.

We provide:
- Elderly GPS SOS watches
- Personal GPS trackers
- Pet GPS trackers
- Vehicle GPS trackers
- Asset GPS tracking devices
- GPS platform and APP solutions

We support OEM / ODM customization, APP branding, platform integration, and bulk supply for distributors.

Would you be interested in receiving our latest catalog and cooperation options?

Best regards,
Chen
SOGRACE
www.sograce.cn
info@sograce.cn

If this message is not relevant, please reply ""unsubscribe"" and we will not contact you again.
",READY,2026-06-11 12:28:24,,
788,COUCOUR,info@coucour.com,https://www.coucour.com/,,GPS SOS Watch and GPS Tracking Devices Cooperation,"Dear Team,

We are SOGRACE, a professional GPS tracking device manufacturer from China.

We provide:
- Elderly GPS SOS watches
- Personal GPS trackers
- Pet GPS trackers
- Vehicle GPS trackers
- Asset GPS tracking devices
- GPS platform and APP solutions

We support OEM / ODM customization, APP branding, platform integration, and bulk supply for distributors.

Would you be interested in receiving our latest catalog and cooperation options?

Best regards,
Chen
SOGRACE
www.sograce.cn
info@sograce.cn

If this message is not relevant, please reply ""unsubscribe"" and we will not contact you again.
",READY,2026-06-11 12:28:24,,
784,I+FARMA,iosune@imasfarma.com,https://imasfarma.com,,GPS SOS Watch and GPS Tracking Devices Cooperation,"Dear Team,

We are SOGRACE, a professional GPS tracking device manufacturer from China.

We provide:
- Elderly GPS SOS watches
- Personal GPS trackers
- Pet GPS trackers
- Vehicle GPS trackers
- Asset GPS tracking devices
- GPS platform and APP solutions

We support OEM / ODM customization, APP branding, platform integration, and bulk supply for distributors.

Would you be interested in receiving our latest catalog and cooperation options?

Best regards,
Chen
SOGRACE
www.sograce.cn
info@sograce.cn

If this message is not relevant, please reply ""unsubscribe"" and we will not contact you again.
",READY,2026-06-11 12:28:24,,
782,TED MEDICAL LTD,info@tedmedical.co.uk,https://www.tedmedical.co.uk,United Kingdom,GPS SOS Watch and GPS Tracking Devices Cooperation,"Dear Team,

We are SOGRACE, a professional GPS tracking device manufacturer from China.

We provide:
- Elderly GPS SOS watches
- Personal GPS trackers
- Pet GPS trackers
- Vehicle GPS trackers
- Asset GPS tracking devices
- GPS platform and APP solutions

We support OEM / ODM customization, APP branding, platform integration, and bulk supply for distributors.

Would you be interested in receiving our latest catalog and cooperation options?

Best regards,
Chen
SOGRACE
www.sograce.cn
info@sograce.cn

If this message is not relevant, please reply ""unsubscribe"" and we will not contact you again.
",READY,2026-06-11 12:28:24,,
780,"Costa&Martinez, LDA",costamartinez@group-pe.com,https://www.costamartinez-group.pt/,Portugal,GPS SOS Watch and GPS Tracking Devices Cooperation,"Dear Team,

We are SOGRACE, a professional GPS tracking device manufacturer from China.

We provide:
- Elderly GPS SOS watches
- Personal GPS trackers
- Pet GPS trackers
- Vehicle GPS trackers
- Asset GPS tracking devices
- GPS platform and APP solutions

We support OEM / ODM customization, APP branding, platform integration, and bulk supply for distributors.

Would you be interested in receiving our latest catalog and cooperation options?

Best regards,
Chen
SOGRACE
www.sograce.cn
info@sograce.cn

If this message is not relevant, please reply ""unsubscribe"" and we will not contact you again.
",READY,2026-06-11 12:28:24,,
779,SCArA Tec GmbH,info@scara-tec.at,https://scara-tec.at/,Austria,GPS SOS Watch and GPS Tracking Devices Cooperation,"Dear Team,

We are SOGRACE, a professional GPS tracking device manufacturer from China.

We provide:
- Elderly GPS SOS watches
- Personal GPS trackers
- Pet GPS trackers
- Vehicle GPS trackers
- Asset GPS tracking devices
- GPS platform and APP solutions

We support OEM / ODM customization, APP branding, platform integration, and bulk supply for distributors.

Would you be interested in receiving our latest catalog and cooperation options?

Best regards,
Chen
SOGRACE
www.sograce.cn
info@sograce.cn

If this message is not relevant, please reply ""unsubscribe"" and we will not contact you again.
",READY,2026-06-11 12:28:24,,
778,"Professional maintenance for solar systems: Inspection, cleaning & technical checks for maximum performance",info@die-stromfabrik.de,https://www.die-stromfabrik.de/,Germany,GPS SOS Watch and GPS Tracking Devices Cooperation,"Dear Team,

We are SOGRACE, a professional GPS tracking device manufacturer from China.

We provide:
- Elderly GPS SOS watches
- Personal GPS trackers
- Pet GPS trackers
- Vehicle GPS trackers
- Asset GPS tracking devices
- GPS platform and APP solutions

We support OEM / ODM customization, APP branding, platform integration, and bulk supply for distributors.

Would you be interested in receiving our latest catalog and cooperation options?

Best regards,
Chen
SOGRACE
www.sograce.cn
info@sograce.cn

If this message is not relevant, please reply ""unsubscribe"" and we will not contact you again.
",READY,2026-06-11 12:28:24,,
777,Inspection of movable equipment according to DGUV Regulation 3 – electrical safety testing for companies and businesses,elektrotechnik-lauta@outlook.de,https://www.elektrotechnik-lauta.de/,Germany,GPS SOS Watch and GPS Tracking Devices Cooperation,"Dear Team,

We are SOGRACE, a professional GPS tracking device manufacturer from China.

We provide:
- Elderly GPS SOS watches
- Personal GPS trackers
- Pet GPS trackers
- Vehicle GPS trackers
- Asset GPS tracking devices
- GPS platform and APP solutions

We support OEM / ODM customization, APP branding, platform integration, and bulk supply for distributors.

Would you be interested in receiving our latest catalog and cooperation options?

Best regards,
Chen
SOGRACE
www.sograce.cn
info@sograce.cn

If this message is not relevant, please reply ""unsubscribe"" and we will not contact you again.
",READY,2026-06-11 12:28:24,,
773,MAGIC4MEDIA,contact@magic4media.com,https://www.magic4media.com,,GPS SOS Watch and GPS Tracking Devices Cooperation,"Dear Team,

We are SOGRACE, a professional GPS tracking device manufacturer from China.

We provide:
- Elderly GPS SOS watches
- Personal GPS trackers
- Pet GPS trackers
- Vehicle GPS trackers
- Asset GPS tracking devices
- GPS platform and APP solutions

We support OEM / ODM customization, APP branding, platform integration, and bulk supply for distributors.

Would you be interested in receiving our latest catalog and cooperation options?

Best regards,
Chen
SOGRACE
www.sograce.cn
info@sograce.cn

If this message is not relevant, please reply ""unsubscribe"" and we will not contact you again.
",READY,2026-06-11 12:28:24,,
772,TAOBÉ CONSULTING,reg@taobe.consulting,https://taobe.consulting/,,GPS SOS Watch and GPS Tracking Devices Cooperation,"Dear Team,

We are SOGRACE, a professional GPS tracking device manufacturer from China.

We provide:
- Elderly GPS SOS watches
- Personal GPS trackers
- Pet GPS trackers
- Vehicle GPS trackers
- Asset GPS tracking devices
- GPS platform and APP solutions

We support OEM / ODM customization, APP branding, platform integration, and bulk supply for distributors.

Would you be interested in receiving our latest catalog and cooperation options?

Best regards,
Chen
SOGRACE
www.sograce.cn
info@sograce.cn

If this message is not relevant, please reply ""unsubscribe"" and we will not contact you again.
",READY,2026-06-11 12:28:24,,
771,DPJ WORKSPACE AB,info@dpj.se,https://dpj.se,,GPS SOS Watch and GPS Tracking Devices Cooperation,"Dear Team,

We are SOGRACE, a professional GPS tracking device manufacturer from China.

We provide:
- Elderly GPS SOS watches
- Personal GPS trackers
- Pet GPS trackers
- Vehicle GPS trackers
- Asset GPS tracking devices
- GPS platform and APP solutions

We support OEM / ODM customization, APP branding, platform integration, and bulk supply for distributors.

Would you be interested in receiving our latest catalog and cooperation options?

Best regards,
Chen
SOGRACE
www.sograce.cn
info@sograce.cn

If this message is not relevant, please reply ""unsubscribe"" and we will not contact you again.
",READY,2026-06-11 12:28:24,,
769,RET,kunde@retourenscout.com,https://retourenscout.com,,GPS SOS Watch and GPS Tracking Devices Cooperation,"Dear Team,

We are SOGRACE, a professional GPS tracking device manufacturer from China.

We provide:
- Elderly GPS SOS watches
- Personal GPS trackers
- Pet GPS trackers
- Vehicle GPS trackers
- Asset GPS tracking devices
- GPS platform and APP solutions

We support OEM / ODM customization, APP branding, platform integration, and bulk supply for distributors.

Would you be interested in receiving our latest catalog and cooperation options?

Best regards,
Chen
SOGRACE
www.sograce.cn
info@sograce.cn

If this message is not relevant, please reply ""unsubscribe"" and we will not contact you again.
",READY,2026-06-11 12:28:24,,
768,blueparc® GmbH,info@blueparc.de,https://www.blueparc.de/,Germany,GPS SOS Watch and GPS Tracking Devices Cooperation,"Dear Team,

We are SOGRACE, a professional GPS tracking device manufacturer from China.

We provide:
- Elderly GPS SOS watches
- Personal GPS trackers
- Pet GPS trackers
- Vehicle GPS trackers
- Asset GPS tracking devices
- GPS platform and APP solutions

We support OEM / ODM customization, APP branding, platform integration, and bulk supply for distributors.

Would you be interested in receiving our latest catalog and cooperation options?

Best regards,
Chen
SOGRACE
www.sograce.cn
info@sograce.cn

If this message is not relevant, please reply ""unsubscribe"" and we will not contact you again.
",READY,2026-06-11 12:28:24,,
766,"KriTec Slot Nut 8 Grid 40 PA, black",profilsystem@kritec-gmbh.de,https://kritec-gmbh.de/product/495719,Germany,GPS SOS Watch and GPS Tracking Devices Cooperation,"Dear Team,

We are SOGRACE, a professional GPS tracking device manufacturer from China.

We provide:
- Elderly GPS SOS watches
- Personal GPS trackers
- Pet GPS trackers
- Vehicle GPS trackers
- Asset GPS tracking devices
- GPS platform and APP solutions

We support OEM / ODM customization, APP branding, platform integration, and bulk supply for distributors.

Would you be interested in receiving our latest catalog and cooperation options?

Best regards,
Chen
SOGRACE
www.sograce.cn
info@sograce.cn

If this message is not relevant, please reply ""unsubscribe"" and we will not contact you again.
",READY,2026-06-11 12:28:24,,
765,Direct Evaporator / Condenser,info@wts-produktion.ch,http://www.wts-produktion.ch/index.php,Switzerland,GPS SOS Watch and GPS Tracking Devices Cooperation,"Dear Team,

We are SOGRACE, a professional GPS tracking device manufacturer from China.

We provide:
- Elderly GPS SOS watches
- Personal GPS trackers
- Pet GPS trackers
- Vehicle GPS trackers
- Asset GPS tracking devices
- GPS platform and APP solutions

We support OEM / ODM customization, APP branding, platform integration, and bulk supply for distributors.

Would you be interested in receiving our latest catalog and cooperation options?

Best regards,
Chen
SOGRACE
www.sograce.cn
info@sograce.cn

If this message is not relevant, please reply ""unsubscribe"" and we will not contact you again.
",READY,2026-06-11 12:28:24,,
763,"Wire EDM for high-precision tool parts, fixtures, and spare parts in CNC precision manufacturing",info@wintergmbh.de,https://www.wintergmbh.de/mechanische-fertigung.html,Germany,GPS SOS Watch and GPS Tracking Devices Cooperation,"Dear Team,

We are SOGRACE, a professional GPS tracking device manufacturer from China.

We provide:
- Elderly GPS SOS watches
- Personal GPS trackers
- Pet GPS trackers
- Vehicle GPS trackers
- Asset GPS tracking devices
- GPS platform and APP solutions

We support OEM / ODM customization, APP branding, platform integration, and bulk supply for distributors.

Would you be interested in receiving our latest catalog and cooperation options?

Best regards,
Chen
SOGRACE
www.sograce.cn
info@sograce.cn

If this message is not relevant, please reply ""unsubscribe"" and we will not contact you again.
",READY,2026-06-11 12:28:24,,
760,Bielda Tehnic SRL,contact@bielda.com,https://www.bielda.com,,GPS SOS Watch and GPS Tracking Devices Cooperation,"Dear Team,

We are SOGRACE, a professional GPS tracking device manufacturer from China.

We provide:
- Elderly GPS SOS watches
- Personal GPS trackers
- Pet GPS trackers
- Vehicle GPS trackers
- Asset GPS tracking devices
- GPS platform and APP solutions

We support OEM / ODM customization, APP branding, platform integration, and bulk supply for distributors.

Would you be interested in receiving our latest catalog and cooperation options?

Best regards,
Chen
SOGRACE
www.sograce.cn
info@sograce.cn

If this message is not relevant, please reply ""unsubscribe"" and we will not contact you again.
",READY,2026-06-11 12:28:24,,
757,DEMA S.P.A.,info@dema-automation.com,https://www.dema-automation.com/,,GPS SOS Watch and GPS Tracking Devices Cooperation,"Dear Team,

We are SOGRACE, a professional GPS tracking device manufacturer from China.

We provide:
- Elderly GPS SOS watches
- Personal GPS trackers
- Pet GPS trackers
- Vehicle GPS trackers
- Asset GPS tracking devices
- GPS platform and APP solutions

We support OEM / ODM customization, APP branding, platform integration, and bulk supply for distributors.

Would you be interested in receiving our latest catalog and cooperation options?

Best regards,
Chen
SOGRACE
www.sograce.cn
info@sograce.cn

If this message is not relevant, please reply ""unsubscribe"" and we will not contact you again.
",READY,2026-06-11 12:28:24,,
754,Limar Medical Distribution SRL,adresata@email.com,https://www.smartcare.ro,,GPS SOS Watch and GPS Tracking Devices Cooperation,"Dear Team,

We are SOGRACE, a professional GPS tracking device manufacturer from China.

We provide:
- Elderly GPS SOS watches
- Personal GPS trackers
- Pet GPS trackers
- Vehicle GPS trackers
- Asset GPS tracking devices
- GPS platform and APP solutions

We support OEM / ODM customization, APP branding, platform integration, and bulk supply for distributors.

Would you be interested in receiving our latest catalog and cooperation options?

Best regards,
Chen
SOGRACE
www.sograce.cn
info@sograce.cn

If this message is not relevant, please reply ""unsubscribe"" and we will not contact you again.
",READY,2026-06-11 12:28:24,,
752,IHC,info@ippocratehc.it,https://www.ippocratehc.it,Italy,GPS SOS Watch and GPS Tracking Devices Cooperation,"Dear Team,

We are SOGRACE, a professional GPS tracking device manufacturer from China.

We provide:
- Elderly GPS SOS watches
- Personal GPS trackers
- Pet GPS trackers
- Vehicle GPS trackers
- Asset GPS tracking devices
- GPS platform and APP solutions

We support OEM / ODM customization, APP branding, platform integration, and bulk supply for distributors.

Would you be interested in receiving our latest catalog and cooperation options?

Best regards,
Chen
SOGRACE
www.sograce.cn
info@sograce.cn

If this message is not relevant, please reply ""unsubscribe"" and we will not contact you again.
",READY,2026-06-11 12:28:24,,
749,METALLVERARBEITUNG DIETHER ZINK E. K.,info@dietherzink.com,http://www.dietherzink.com,,GPS SOS Watch and GPS Tracking Devices Cooperation,"Dear Team,

We are SOGRACE, a professional GPS tracking device manufacturer from China.

We provide:
- Elderly GPS SOS watches
- Personal GPS trackers
- Pet GPS trackers
- Vehicle GPS trackers
- Asset GPS tracking devices
- GPS platform and APP solutions

We support OEM / ODM customization, APP branding, platform integration, and bulk supply for distributors.

Would you be interested in receiving our latest catalog and cooperation options?

Best regards,
Chen
SOGRACE
www.sograce.cn
info@sograce.cn

If this message is not relevant, please reply ""unsubscribe"" and we will not contact you again.
",READY,2026-06-11 12:28:24,,
748,CBS - CARSTEN DAUS GMBH,sales@dauscbs.com,http://www.dauscbs.com,,GPS SOS Watch and GPS Tracking Devices Cooperation,"Dear Team,

We are SOGRACE, a professional GPS tracking device manufacturer from China.

We provide:
- Elderly GPS SOS watches
- Personal GPS trackers
- Pet GPS trackers
- Vehicle GPS trackers
- Asset GPS tracking devices
- GPS platform and APP solutions

We support OEM / ODM customization, APP branding, platform integration, and bulk supply for distributors.

Would you be interested in receiving our latest catalog and cooperation options?

Best regards,
Chen
SOGRACE
www.sograce.cn
info@sograce.cn

If this message is not relevant, please reply ""unsubscribe"" and we will not contact you again.
",READY,2026-06-11 12:28:24,,
744,CASTEL,communication@castel.fr,https://www.castel.fr,France,GPS SOS Watch and GPS Tracking Devices Cooperation,"Dear Team,

We are SOGRACE, a professional GPS tracking device manufacturer from China.

We provide:
- Elderly GPS SOS watches
- Personal GPS trackers
- Pet GPS trackers
- Vehicle GPS trackers
- Asset GPS tracking devices
- GPS platform and APP solutions

We support OEM / ODM customization, APP branding, platform integration, and bulk supply for distributors.

Would you be interested in receiving our latest catalog and cooperation options?

Best regards,
Chen
SOGRACE
www.sograce.cn
info@sograce.cn

If this message is not relevant, please reply ""unsubscribe"" and we will not contact you again.
",READY,2026-06-11 12:28:24,,
741,HAMANN Media Tec GmbH,info@hamann-media-tec.de,http://www.hamann-media-tec.de/,Germany,GPS SOS Watch and GPS Tracking Devices Cooperation,"Dear Team,

We are SOGRACE, a professional GPS tracking device manufacturer from China.

We provide:
- Elderly GPS SOS watches
- Personal GPS trackers
- Pet GPS trackers
- Vehicle GPS trackers
- Asset GPS tracking devices
- GPS platform and APP solutions

We support OEM / ODM customization, APP branding, platform integration, and bulk supply for distributors.

Would you be interested in receiving our latest catalog and cooperation options?

Best regards,
Chen
SOGRACE
www.sograce.cn
info@sograce.cn

If this message is not relevant, please reply ""unsubscribe"" and we will not contact you again.
",READY,2026-06-11 12:28:24,,
736,GRAETZ STRAHLUNGSMESSTECHNIK GMBH,info@graetz.com,http://www.graetz.com/startseite+M52087573ab0.html,,GPS SOS Watch and GPS Tracking Devices Cooperation,"Dear Team,

We are SOGRACE, a professional GPS tracking device manufacturer from China.

We provide:
- Elderly GPS SOS watches
- Personal GPS trackers
- Pet GPS trackers
- Vehicle GPS trackers
- Asset GPS tracking devices
- GPS platform and APP solutions

We support OEM / ODM customization, APP branding, platform integration, and bulk supply for distributors.

Would you be interested in receiving our latest catalog and cooperation options?

Best regards,
Chen
SOGRACE
www.sograce.cn
info@sograce.cn

If this message is not relevant, please reply ""unsubscribe"" and we will not contact you again.
",READY,2026-06-11 12:28:24,,
735,SISTEMAS DE ENGRASE Y LUBRICACIÓN,info@sistemasdeengraseylubricacion.es,https://www.sistemasdeengraseylubricacion.es,Spain,GPS SOS Watch and GPS Tracking Devices Cooperation,"Dear Team,

We are SOGRACE, a professional GPS tracking device manufacturer from China.

We provide:
- Elderly GPS SOS watches
- Personal GPS trackers
- Pet GPS trackers
- Vehicle GPS trackers
- Asset GPS tracking devices
- GPS platform and APP solutions

We support OEM / ODM customization, APP branding, platform integration, and bulk supply for distributors.

Would you be interested in receiving our latest catalog and cooperation options?

Best regards,
Chen
SOGRACE
www.sograce.cn
info@sograce.cn

If this message is not relevant, please reply ""unsubscribe"" and we will not contact you again.
",READY,2026-06-11 12:28:24,,
733,Prosafe-Folientechnik GmbH,info@prosafe-ms.com,http://www.prosafe-ms.com/,,GPS SOS Watch and GPS Tracking Devices Cooperation,"Dear Team,

We are SOGRACE, a professional GPS tracking device manufacturer from China.

We provide:
- Elderly GPS SOS watches
- Personal GPS trackers
- Pet GPS trackers
- Vehicle GPS trackers
- Asset GPS tracking devices
- GPS platform and APP solutions

We support OEM / ODM customization, APP branding, platform integration, and bulk supply for distributors.

Would you be interested in receiving our latest catalog and cooperation options?

Best regards,
Chen
SOGRACE
www.sograce.cn
info@sograce.cn

If this message is not relevant, please reply ""unsubscribe"" and we will not contact you again.
",READY,2026-06-11 12:28:24,,
732,ENVIEQ STORE,info@envieq.com,https://www.envieq.com/,,GPS SOS Watch and GPS Tracking Devices Cooperation,"Dear Team,

We are SOGRACE, a professional GPS tracking device manufacturer from China.

We provide:
- Elderly GPS SOS watches
- Personal GPS trackers
- Pet GPS trackers
- Vehicle GPS trackers
- Asset GPS tracking devices
- GPS platform and APP solutions

We support OEM / ODM customization, APP branding, platform integration, and bulk supply for distributors.

Would you be interested in receiving our latest catalog and cooperation options?

Best regards,
Chen
SOGRACE
www.sograce.cn
info@sograce.cn

If this message is not relevant, please reply ""unsubscribe"" and we will not contact you again.
",READY,2026-06-11 12:28:24,,
730,AKTIV WERBUNG FREIBERG Münch GmbH & Co. KG,aktiv-werbung-freiberg@t-online.de,https://www.industriekennzeichnungen.de/,Germany,GPS SOS Watch and GPS Tracking Devices Cooperation,"Dear Team,

We are SOGRACE, a professional GPS tracking device manufacturer from China.

We provide:
- Elderly GPS SOS watches
- Personal GPS trackers
- Pet GPS trackers
- Vehicle GPS trackers
- Asset GPS tracking devices
- GPS platform and APP solutions

We support OEM / ODM customization, APP branding, platform integration, and bulk supply for distributors.

Would you be interested in receiving our latest catalog and cooperation options?

Best regards,
Chen
SOGRACE
www.sograce.cn
info@sograce.cn

If this message is not relevant, please reply ""unsubscribe"" and we will not contact you again.
",READY,2026-06-11 12:28:24,,
729,Flamiacs,info@flamiacs.nl,https://www.flamiacs.nl/,Netherlands,GPS SOS Watch and GPS Tracking Devices Cooperation,"Dear Team,

We are SOGRACE, a professional GPS tracking device manufacturer from China.

We provide:
- Elderly GPS SOS watches
- Personal GPS trackers
- Pet GPS trackers
- Vehicle GPS trackers
- Asset GPS tracking devices
- GPS platform and APP solutions

We support OEM / ODM customization, APP branding, platform integration, and bulk supply for distributors.

Would you be interested in receiving our latest catalog and cooperation options?

Best regards,
Chen
SOGRACE
www.sograce.cn
info@sograce.cn

If this message is not relevant, please reply ""unsubscribe"" and we will not contact you again.
",READY,2026-06-11 12:28:24,,
728,1001 SENT'EURE,1001sent.eure.com@gmail.com,https://1001sent-eure.com/,,GPS SOS Watch and GPS Tracking Devices Cooperation,"Dear Team,

We are SOGRACE, a professional GPS tracking device manufacturer from China.

We provide:
- Elderly GPS SOS watches
- Personal GPS trackers
- Pet GPS trackers
- Vehicle GPS trackers
- Asset GPS tracking devices
- GPS platform and APP solutions

We support OEM / ODM customization, APP branding, platform integration, and bulk supply for distributors.

Would you be interested in receiving our latest catalog and cooperation options?

Best regards,
Chen
SOGRACE
www.sograce.cn
info@sograce.cn

If this message is not relevant, please reply ""unsubscribe"" and we will not contact you again.
",READY,2026-06-11 12:28:24,,
727,K2 GARDEN SAS,k2garden@k2garden.bio,https://k2garden.bio,,GPS SOS Watch and GPS Tracking Devices Cooperation,"Dear Team,

We are SOGRACE, a professional GPS tracking device manufacturer from China.

We provide:
- Elderly GPS SOS watches
- Personal GPS trackers
- Pet GPS trackers
- Vehicle GPS trackers
- Asset GPS tracking devices
- GPS platform and APP solutions

We support OEM / ODM customization, APP branding, platform integration, and bulk supply for distributors.

Would you be interested in receiving our latest catalog and cooperation options?

Best regards,
Chen
SOGRACE
www.sograce.cn
info@sograce.cn

If this message is not relevant, please reply ""unsubscribe"" and we will not contact you again.
",READY,2026-06-11 12:28:24,,
725,Тereno Eco Ltd,office@tereno-eco.com,https://tereno-eco.com/en/,,GPS SOS Watch and GPS Tracking Devices Cooperation,"Dear Team,

We are SOGRACE, a professional GPS tracking device manufacturer from China.

We provide:
- Elderly GPS SOS watches
- Personal GPS trackers
- Pet GPS trackers
- Vehicle GPS trackers
- Asset GPS tracking devices
- GPS platform and APP solutions

We support OEM / ODM customization, APP branding, platform integration, and bulk supply for distributors.

Would you be interested in receiving our latest catalog and cooperation options?

Best regards,
Chen
SOGRACE
www.sograce.cn
info@sograce.cn

If this message is not relevant, please reply ""unsubscribe"" and we will not contact you again.
",READY,2026-06-11 12:28:24,,
723,domino modul AG,info@domino-modul.com,http://www.domino-modul.com/,,GPS SOS Watch and GPS Tracking Devices Cooperation,"Dear Team,

We are SOGRACE, a professional GPS tracking device manufacturer from China.

We provide:
- Elderly GPS SOS watches
- Personal GPS trackers
- Pet GPS trackers
- Vehicle GPS trackers
- Asset GPS tracking devices
- GPS platform and APP solutions

We support OEM / ODM customization, APP branding, platform integration, and bulk supply for distributors.

Would you be interested in receiving our latest catalog and cooperation options?

Best regards,
Chen
SOGRACE
www.sograce.cn
info@sograce.cn

If this message is not relevant, please reply ""unsubscribe"" and we will not contact you again.
",READY,2026-06-11 12:28:24,,
722,DRM SAS,contact@depannagerideaumetallique.com,https://depannagerideaumetallique.com/,,GPS SOS Watch and GPS Tracking Devices Cooperation,"Dear Team,

We are SOGRACE, a professional GPS tracking device manufacturer from China.

We provide:
- Elderly GPS SOS watches
- Personal GPS trackers
- Pet GPS trackers
- Vehicle GPS trackers
- Asset GPS tracking devices
- GPS platform and APP solutions

We support OEM / ODM customization, APP branding, platform integration, and bulk supply for distributors.

Would you be interested in receiving our latest catalog and cooperation options?

Best regards,
Chen
SOGRACE
www.sograce.cn
info@sograce.cn

If this message is not relevant, please reply ""unsubscribe"" and we will not contact you again.
",READY,2026-06-11 12:28:24,,
721,INTER SERVICE FREINS +,info@interservicefreins.com,http://www.interservicefreins.com,,GPS SOS Watch and GPS Tracking Devices Cooperation,"Dear Team,

We are SOGRACE, a professional GPS tracking device manufacturer from China.

We provide:
- Elderly GPS SOS watches
- Personal GPS trackers
- Pet GPS trackers
- Vehicle GPS trackers
- Asset GPS tracking devices
- GPS platform and APP solutions

We support OEM / ODM customization, APP branding, platform integration, and bulk supply for distributors.

Would you be interested in receiving our latest catalog and cooperation options?

Best regards,
Chen
SOGRACE
www.sograce.cn
info@sograce.cn

If this message is not relevant, please reply ""unsubscribe"" and we will not contact you again.
",READY,2026-06-11 12:28:24,,
720,"SHENZHEN PROMOSTAR HARDWARE CO.,LTD",sales@pshardware.com,https://www.pshardware.com,,GPS SOS Watch and GPS Tracking Devices Cooperation,"Dear Team,

We are SOGRACE, a professional GPS tracking device manufacturer from China.

We provide:
- Elderly GPS SOS watches
- Personal GPS trackers
- Pet GPS trackers
- Vehicle GPS trackers
- Asset GPS tracking devices
- GPS platform and APP solutions

We support OEM / ODM customization, APP branding, platform integration, and bulk supply for distributors.

Would you be interested in receiving our latest catalog and cooperation options?

Best regards,
Chen
SOGRACE
www.sograce.cn
info@sograce.cn

If this message is not relevant, please reply ""unsubscribe"" and we will not contact you again.
",READY,2026-06-11 12:28:24,,
718,ANLAGENBAU GÜNTHER GMBH,info@albg.eu,http://www.albg.eu,,GPS SOS Watch and GPS Tracking Devices Cooperation,"Dear Team,

We are SOGRACE, a professional GPS tracking device manufacturer from China.

We provide:
- Elderly GPS SOS watches
- Personal GPS trackers
- Pet GPS trackers
- Vehicle GPS trackers
- Asset GPS tracking devices
- GPS platform and APP solutions

We support OEM / ODM customization, APP branding, platform integration, and bulk supply for distributors.

Would you be interested in receiving our latest catalog and cooperation options?

Best regards,
Chen
SOGRACE
www.sograce.cn
info@sograce.cn

If this message is not relevant, please reply ""unsubscribe"" and we will not contact you again.
",READY,2026-06-11 12:28:24,,
717,ORBITALUM TOOLS GMBH,tools@orbitalum.com,http://www.orbitalum.de/en/home.html,Germany,GPS SOS Watch and GPS Tracking Devices Cooperation,"Dear Team,

We are SOGRACE, a professional GPS tracking device manufacturer from China.

We provide:
- Elderly GPS SOS watches
- Personal GPS trackers
- Pet GPS trackers
- Vehicle GPS trackers
- Asset GPS tracking devices
- GPS platform and APP solutions

We support OEM / ODM customization, APP branding, platform integration, and bulk supply for distributors.

Would you be interested in receiving our latest catalog and cooperation options?

Best regards,
Chen
SOGRACE
www.sograce.cn
info@sograce.cn

If this message is not relevant, please reply ""unsubscribe"" and we will not contact you again.
",READY,2026-06-11 12:28:24,,
715,P.+ K. Lager- und Betriebseinrichtungen GmbH & Co. KG,info@pundk-lagertechnik.de,http://www.pundk-lagertechnik.de/,Germany,GPS SOS Watch and GPS Tracking Devices Cooperation,"Dear Team,

We are SOGRACE, a professional GPS tracking device manufacturer from China.

We provide:
- Elderly GPS SOS watches
- Personal GPS trackers
- Pet GPS trackers
- Vehicle GPS trackers
- Asset GPS tracking devices
- GPS platform and APP solutions

We support OEM / ODM customization, APP branding, platform integration, and bulk supply for distributors.

Would you be interested in receiving our latest catalog and cooperation options?

Best regards,
Chen
SOGRACE
www.sograce.cn
info@sograce.cn

If this message is not relevant, please reply ""unsubscribe"" and we will not contact you again.
",READY,2026-06-11 12:28:24,,
711,RM2M,contact@rm2m.fr,http://www.rm2m.fr,France,GPS SOS Watch and GPS Tracking Devices Cooperation,"Dear Team,

We are SOGRACE, a professional GPS tracking device manufacturer from China.

We provide:
- Elderly GPS SOS watches
- Personal GPS trackers
- Pet GPS trackers
- Vehicle GPS trackers
- Asset GPS tracking devices
- GPS platform and APP solutions

We support OEM / ODM customization, APP branding, platform integration, and bulk supply for distributors.

Would you be interested in receiving our latest catalog and cooperation options?

Best regards,
Chen
SOGRACE
www.sograce.cn
info@sograce.cn

If this message is not relevant, please reply ""unsubscribe"" and we will not contact you again.
",READY,2026-06-11 12:28:24,,
710,TRAKA ASSA ABLOY,info@traka.fr,https://www.traka.fr/,France,GPS SOS Watch and GPS Tracking Devices Cooperation,"Dear Team,

We are SOGRACE, a professional GPS tracking device manufacturer from China.

We provide:
- Elderly GPS SOS watches
- Personal GPS trackers
- Pet GPS trackers
- Vehicle GPS trackers
- Asset GPS tracking devices
- GPS platform and APP solutions

We support OEM / ODM customization, APP branding, platform integration, and bulk supply for distributors.

Would you be interested in receiving our latest catalog and cooperation options?

Best regards,
Chen
SOGRACE
www.sograce.cn
info@sograce.cn

If this message is not relevant, please reply ""unsubscribe"" and we will not contact you again.
",READY,2026-06-11 12:28:24,,
708,"Point of Sale System for Gastronomy – Efficient for Restaurants, Bars, and Cafés",info@wuerzburger-kassenhandel.de,https://ihre-kasse.com/#page-1,,GPS SOS Watch and GPS Tracking Devices Cooperation,"Dear Team,

We are SOGRACE, a professional GPS tracking device manufacturer from China.

We provide:
- Elderly GPS SOS watches
- Personal GPS trackers
- Pet GPS trackers
- Vehicle GPS trackers
- Asset GPS tracking devices
- GPS platform and APP solutions

We support OEM / ODM customization, APP branding, platform integration, and bulk supply for distributors.

Would you be interested in receiving our latest catalog and cooperation options?

Best regards,
Chen
SOGRACE
www.sograce.cn
info@sograce.cn

If this message is not relevant, please reply ""unsubscribe"" and we will not contact you again.
",READY,2026-06-11 12:28:24,,
707,Order Picking Systems,info@rbs-foerderanlagen.de,https://www.rbs-foerderanlagen.de/kommissionieranlagen.php,Germany,GPS SOS Watch and GPS Tracking Devices Cooperation,"Dear Team,

We are SOGRACE, a professional GPS tracking device manufacturer from China.

We provide:
- Elderly GPS SOS watches
- Personal GPS trackers
- Pet GPS trackers
- Vehicle GPS trackers
- Asset GPS tracking devices
- GPS platform and APP solutions

We support OEM / ODM customization, APP branding, platform integration, and bulk supply for distributors.

Would you be interested in receiving our latest catalog and cooperation options?

Best regards,
Chen
SOGRACE
www.sograce.cn
info@sograce.cn

If this message is not relevant, please reply ""unsubscribe"" and we will not contact you again.
",READY,2026-06-11 12:28:24,,
705,CaraCamp 3.0: Location Management and Internal Billing for Increased Business Efficiency,servic@caracamp.de,https://www.caracamp.de/standortverwaltung/,Germany,GPS SOS Watch and GPS Tracking Devices Cooperation,"Dear Team,

We are SOGRACE, a professional GPS tracking device manufacturer from China.

We provide:
- Elderly GPS SOS watches
- Personal GPS trackers
- Pet GPS trackers
- Vehicle GPS trackers
- Asset GPS tracking devices
- GPS platform and APP solutions

We support OEM / ODM customization, APP branding, platform integration, and bulk supply for distributors.

Would you be interested in receiving our latest catalog and cooperation options?

Best regards,
Chen
SOGRACE
www.sograce.cn
info@sograce.cn

If this message is not relevant, please reply ""unsubscribe"" and we will not contact you again.
",READY,2026-06-11 12:28:24,,
702,INGENIAT ESTUDIOS Y PROYECTOS SL,ingeniat@mas.to,https://ingeniat.pro,,GPS SOS Watch and GPS Tracking Devices Cooperation,"Dear Team,

We are SOGRACE, a professional GPS tracking device manufacturer from China.

We provide:
- Elderly GPS SOS watches
- Personal GPS trackers
- Pet GPS trackers
- Vehicle GPS trackers
- Asset GPS tracking devices
- GPS platform and APP solutions

We support OEM / ODM customization, APP branding, platform integration, and bulk supply for distributors.

Would you be interested in receiving our latest catalog and cooperation options?

Best regards,
Chen
SOGRACE
www.sograce.cn
info@sograce.cn

If this message is not relevant, please reply ""unsubscribe"" and we will not contact you again.
",READY,2026-06-11 12:28:24,,
701,STRALUMA B.V.,info@straluma.nl,https://www.straluma.be/,Belgium,GPS SOS Watch and GPS Tracking Devices Cooperation,"Dear Team,

We are SOGRACE, a professional GPS tracking device manufacturer from China.

We provide:
- Elderly GPS SOS watches
- Personal GPS trackers
- Pet GPS trackers
- Vehicle GPS trackers
- Asset GPS tracking devices
- GPS platform and APP solutions

We support OEM / ODM customization, APP branding, platform integration, and bulk supply for distributors.

Would you be interested in receiving our latest catalog and cooperation options?

Best regards,
Chen
SOGRACE
www.sograce.cn
info@sograce.cn

If this message is not relevant, please reply ""unsubscribe"" and we will not contact you again.
",READY,2026-06-11 12:28:24,,
697,VIGNOLI S.R.L.,info@vignoli.com,https://www.vignoli.com,,GPS SOS Watch and GPS Tracking Devices Cooperation,"Dear Team,

We are SOGRACE, a professional GPS tracking device manufacturer from China.

We provide:
- Elderly GPS SOS watches
- Personal GPS trackers
- Pet GPS trackers
- Vehicle GPS trackers
- Asset GPS tracking devices
- GPS platform and APP solutions

We support OEM / ODM customization, APP branding, platform integration, and bulk supply for distributors.

Would you be interested in receiving our latest catalog and cooperation options?

Best regards,
Chen
SOGRACE
www.sograce.cn
info@sograce.cn

If this message is not relevant, please reply ""unsubscribe"" and we will not contact you again.
",READY,2026-06-11 12:28:24,,
693,Halberstadt Konstruktionstechnik GmbH & Co. KG,info@hkt-ks.de,https://www.hkt-ks.de/de/,Germany,GPS SOS Watch and GPS Tracking Devices Cooperation,"Dear Team,

We are SOGRACE, a professional GPS tracking device manufacturer from China.

We provide:
- Elderly GPS SOS watches
- Personal GPS trackers
- Pet GPS trackers
- Vehicle GPS trackers
- Asset GPS tracking devices
- GPS platform and APP solutions

We support OEM / ODM customization, APP branding, platform integration, and bulk supply for distributors.

Would you be interested in receiving our latest catalog and cooperation options?

Best regards,
Chen
SOGRACE
www.sograce.cn
info@sograce.cn

If this message is not relevant, please reply ""unsubscribe"" and we will not contact you again.
",READY,2026-06-11 12:28:24,,
692,AVS SYSTEM LIFT AG,info@systemlift.de,http://www.systemlift.de,Germany,GPS SOS Watch and GPS Tracking Devices Cooperation,"Dear Team,

We are SOGRACE, a professional GPS tracking device manufacturer from China.

We provide:
- Elderly GPS SOS watches
- Personal GPS trackers
- Pet GPS trackers
- Vehicle GPS trackers
- Asset GPS tracking devices
- GPS platform and APP solutions

We support OEM / ODM customization, APP branding, platform integration, and bulk supply for distributors.

Would you be interested in receiving our latest catalog and cooperation options?

Best regards,
Chen
SOGRACE
www.sograce.cn
info@sograce.cn

If this message is not relevant, please reply ""unsubscribe"" and we will not contact you again.
",READY,2026-06-11 12:28:24,,
691,Walter IT-Solutions Inh. Jannis Walter,info@walter-it-solutions.de,https://walter-it-solutions.de/en/startpage/,Germany,GPS SOS Watch and GPS Tracking Devices Cooperation,"Dear Team,

We are SOGRACE, a professional GPS tracking device manufacturer from China.

We provide:
- Elderly GPS SOS watches
- Personal GPS trackers
- Pet GPS trackers
- Vehicle GPS trackers
- Asset GPS tracking devices
- GPS platform and APP solutions

We support OEM / ODM customization, APP branding, platform integration, and bulk supply for distributors.

Would you be interested in receiving our latest catalog and cooperation options?

Best regards,
Chen
SOGRACE
www.sograce.cn
info@sograce.cn

If this message is not relevant, please reply ""unsubscribe"" and we will not contact you again.
",READY,2026-06-11 12:28:24,,
688,QUIDDIS by Grammelot SRL,info@quiddis.com,https://www.quiddis.com/,,GPS SOS Watch and GPS Tracking Devices Cooperation,"Dear Team,

We are SOGRACE, a professional GPS tracking device manufacturer from China.

We provide:
- Elderly GPS SOS watches
- Personal GPS trackers
- Pet GPS trackers
- Vehicle GPS trackers
- Asset GPS tracking devices
- GPS platform and APP solutions

We support OEM / ODM customization, APP branding, platform integration, and bulk supply for distributors.

Would you be interested in receiving our latest catalog and cooperation options?

Best regards,
Chen
SOGRACE
www.sograce.cn
info@sograce.cn

If this message is not relevant, please reply ""unsubscribe"" and we will not contact you again.
",READY,2026-06-11 12:28:24,,
681,LOGICASH,info@logicash.be,http://www.logicash.be,Belgium,GPS SOS Watch and GPS Tracking Devices Cooperation,"Dear Team,

We are SOGRACE, a professional GPS tracking device manufacturer from China.

We provide:
- Elderly GPS SOS watches
- Personal GPS trackers
- Pet GPS trackers
- Vehicle GPS trackers
- Asset GPS tracking devices
- GPS platform and APP solutions

We support OEM / ODM customization, APP branding, platform integration, and bulk supply for distributors.

Would you be interested in receiving our latest catalog and cooperation options?

Best regards,
Chen
SOGRACE
www.sograce.cn
info@sograce.cn

If this message is not relevant, please reply ""unsubscribe"" and we will not contact you again.
",READY,2026-06-11 12:28:24,,
680,Platorien Group,info@platoriengroup.com,https://www.platoriengroup.com,,GPS SOS Watch and GPS Tracking Devices Cooperation,"Dear Team,

We are SOGRACE, a professional GPS tracking device manufacturer from China.

We provide:
- Elderly GPS SOS watches
- Personal GPS trackers
- Pet GPS trackers
- Vehicle GPS trackers
- Asset GPS tracking devices
- GPS platform and APP solutions

We support OEM / ODM customization, APP branding, platform integration, and bulk supply for distributors.

Would you be interested in receiving our latest catalog and cooperation options?

Best regards,
Chen
SOGRACE
www.sograce.cn
info@sograce.cn

If this message is not relevant, please reply ""unsubscribe"" and we will not contact you again.
",READY,2026-06-11 12:28:24,,
678,RACE PRODUCTIONS,info@cyclingfactory.be,http://www.ridley-bikes.com,,GPS SOS Watch and GPS Tracking Devices Cooperation,"Dear Team,

We are SOGRACE, a professional GPS tracking device manufacturer from China.

We provide:
- Elderly GPS SOS watches
- Personal GPS trackers
- Pet GPS trackers
- Vehicle GPS trackers
- Asset GPS tracking devices
- GPS platform and APP solutions

We support OEM / ODM customization, APP branding, platform integration, and bulk supply for distributors.

Would you be interested in receiving our latest catalog and cooperation options?

Best regards,
Chen
SOGRACE
www.sograce.cn
info@sograce.cn

If this message is not relevant, please reply ""unsubscribe"" and we will not contact you again.
",READY,2026-06-11 12:28:24,,
676,Sun-Energy Srls,s.energysrls@gmail.com,https://sunenergysrls.com/,,GPS SOS Watch and GPS Tracking Devices Cooperation,"Dear Team,

We are SOGRACE, a professional GPS tracking device manufacturer from China.

We provide:
- Elderly GPS SOS watches
- Personal GPS trackers
- Pet GPS trackers
- Vehicle GPS trackers
- Asset GPS tracking devices
- GPS platform and APP solutions

We support OEM / ODM customization, APP branding, platform integration, and bulk supply for distributors.

Would you be interested in receiving our latest catalog and cooperation options?

Best regards,
Chen
SOGRACE
www.sograce.cn
info@sograce.cn

If this message is not relevant, please reply ""unsubscribe"" and we will not contact you again.
",READY,2026-06-11 12:28:24,,
675,KODGAV,sales@kodgav.co.uk,https://kodgav.co.uk,United Kingdom,GPS SOS Watch and GPS Tracking Devices Cooperation,"Dear Team,

We are SOGRACE, a professional GPS tracking device manufacturer from China.

We provide:
- Elderly GPS SOS watches
- Personal GPS trackers
- Pet GPS trackers
- Vehicle GPS trackers
- Asset GPS tracking devices
- GPS platform and APP solutions

We support OEM / ODM customization, APP branding, platform integration, and bulk supply for distributors.

Would you be interested in receiving our latest catalog and cooperation options?

Best regards,
Chen
SOGRACE
www.sograce.cn
info@sograce.cn

If this message is not relevant, please reply ""unsubscribe"" and we will not contact you again.
",READY,2026-06-11 12:28:24,,
674,ADD SOLUTION,info@addsolution.it,https://www.addsolution.it,Italy,GPS SOS Watch and GPS Tracking Devices Cooperation,"Dear Team,

We are SOGRACE, a professional GPS tracking device manufacturer from China.

We provide:
- Elderly GPS SOS watches
- Personal GPS trackers
- Pet GPS trackers
- Vehicle GPS trackers
- Asset GPS tracking devices
- GPS platform and APP solutions

We support OEM / ODM customization, APP branding, platform integration, and bulk supply for distributors.

Would you be interested in receiving our latest catalog and cooperation options?

Best regards,
Chen
SOGRACE
www.sograce.cn
info@sograce.cn

If this message is not relevant, please reply ""unsubscribe"" and we will not contact you again.
",READY,2026-06-11 12:28:24,,
673,Deburring Machine AC 400 D,info@lapmaster-wolters.de,https://lapmaster-wolters.de/produkt/detail/ac-400-d-doppelseiten-entgratmaschine,Germany,GPS SOS Watch and GPS Tracking Devices Cooperation,"Dear Team,

We are SOGRACE, a professional GPS tracking device manufacturer from China.

We provide:
- Elderly GPS SOS watches
- Personal GPS trackers
- Pet GPS trackers
- Vehicle GPS trackers
- Asset GPS tracking devices
- GPS platform and APP solutions

We support OEM / ODM customization, APP branding, platform integration, and bulk supply for distributors.

Would you be interested in receiving our latest catalog and cooperation options?

Best regards,
Chen
SOGRACE
www.sograce.cn
info@sograce.cn

If this message is not relevant, please reply ""unsubscribe"" and we will not contact you again.
",READY,2026-06-11 12:28:24,,
666,"Promotion ""Go Digimax""",raphaela.bendig@bb-innovativ.de,https://go-digimax.de/,Germany,GPS SOS Watch and GPS Tracking Devices Cooperation,"Dear Team,

We are SOGRACE, a professional GPS tracking device manufacturer from China.

We provide:
- Elderly GPS SOS watches
- Personal GPS trackers
- Pet GPS trackers
- Vehicle GPS trackers
- Asset GPS tracking devices
- GPS platform and APP solutions

We support OEM / ODM customization, APP branding, platform integration, and bulk supply for distributors.

Would you be interested in receiving our latest catalog and cooperation options?

Best regards,
Chen
SOGRACE
www.sograce.cn
info@sograce.cn

If this message is not relevant, please reply ""unsubscribe"" and we will not contact you again.
",READY,2026-06-11 12:28:24,,
664,Business Savings Account – Flexible Investment for Companies,service-business@ing.de,https://www.ing.de/business/extra-konto/,Germany,GPS SOS Watch and GPS Tracking Devices Cooperation,"Dear Team,

We are SOGRACE, a professional GPS tracking device manufacturer from China.

We provide:
- Elderly GPS SOS watches
- Personal GPS trackers
- Pet GPS trackers
- Vehicle GPS trackers
- Asset GPS tracking devices
- GPS platform and APP solutions

We support OEM / ODM customization, APP branding, platform integration, and bulk supply for distributors.

Would you be interested in receiving our latest catalog and cooperation options?

Best regards,
Chen
SOGRACE
www.sograce.cn
info@sograce.cn

If this message is not relevant, please reply ""unsubscribe"" and we will not contact you again.
",READY,2026-06-11 12:28:24,,
659,CargoDesk Solutions B.V.,info@cargodesk.io,https://www.cargodesk.io,,GPS SOS Watch and GPS Tracking Devices Cooperation,"Dear Team,

We are SOGRACE, a professional GPS tracking device manufacturer from China.

We provide:
- Elderly GPS SOS watches
- Personal GPS trackers
- Pet GPS trackers
- Vehicle GPS trackers
- Asset GPS tracking devices
- GPS platform and APP solutions

We support OEM / ODM customization, APP branding, platform integration, and bulk supply for distributors.

Would you be interested in receiving our latest catalog and cooperation options?

Best regards,
Chen
SOGRACE
www.sograce.cn
info@sograce.cn

If this message is not relevant, please reply ""unsubscribe"" and we will not contact you again.
",READY,2026-06-11 12:28:24,,
658,SOC INFORMATIQUE,contact@socinformatique.fr,https://www.socinformatique.fr,France,GPS SOS Watch and GPS Tracking Devices Cooperation,"Dear Team,

We are SOGRACE, a professional GPS tracking device manufacturer from China.

We provide:
- Elderly GPS SOS watches
- Personal GPS trackers
- Pet GPS trackers
- Vehicle GPS trackers
- Asset GPS tracking devices
- GPS platform and APP solutions

We support OEM / ODM customization, APP branding, platform integration, and bulk supply for distributors.

Would you be interested in receiving our latest catalog and cooperation options?

Best regards,
Chen
SOGRACE
www.sograce.cn
info@sograce.cn

If this message is not relevant, please reply ""unsubscribe"" and we will not contact you again.
",READY,2026-06-11 12:28:24,,
657,Complan & Partner GmbH,software@complan.de,http://www.complan.de/,Germany,GPS SOS Watch and GPS Tracking Devices Cooperation,"Dear Team,

We are SOGRACE, a professional GPS tracking device manufacturer from China.

We provide:
- Elderly GPS SOS watches
- Personal GPS trackers
- Pet GPS trackers
- Vehicle GPS trackers
- Asset GPS tracking devices
- GPS platform and APP solutions

We support OEM / ODM customization, APP branding, platform integration, and bulk supply for distributors.

Would you be interested in receiving our latest catalog and cooperation options?

Best regards,
Chen
SOGRACE
www.sograce.cn
info@sograce.cn

If this message is not relevant, please reply ""unsubscribe"" and we will not contact you again.
",READY,2026-06-11 12:28:24,,
656,"HOUSE MATIC, S.L.",house-matic@house-matic.com,https://www.house-matic.com,,GPS SOS Watch and GPS Tracking Devices Cooperation,"Dear Team,

We are SOGRACE, a professional GPS tracking device manufacturer from China.

We provide:
- Elderly GPS SOS watches
- Personal GPS trackers
- Pet GPS trackers
- Vehicle GPS trackers
- Asset GPS tracking devices
- GPS platform and APP solutions

We support OEM / ODM customization, APP branding, platform integration, and bulk supply for distributors.

Would you be interested in receiving our latest catalog and cooperation options?

Best regards,
Chen
SOGRACE
www.sograce.cn
info@sograce.cn

If this message is not relevant, please reply ""unsubscribe"" and we will not contact you again.
",READY,2026-06-11 12:28:24,,
655,RCB CALDERAS DE VAPOR,info@calderasrcb.com,http://www.calderasrcb.com,,GPS SOS Watch and GPS Tracking Devices Cooperation,"Dear Team,

We are SOGRACE, a professional GPS tracking device manufacturer from China.

We provide:
- Elderly GPS SOS watches
- Personal GPS trackers
- Pet GPS trackers
- Vehicle GPS trackers
- Asset GPS tracking devices
- GPS platform and APP solutions

We support OEM / ODM customization, APP branding, platform integration, and bulk supply for distributors.

Would you be interested in receiving our latest catalog and cooperation options?

Best regards,
Chen
SOGRACE
www.sograce.cn
info@sograce.cn

If this message is not relevant, please reply ""unsubscribe"" and we will not contact you again.
",READY,2026-06-11 12:28:24,,
653,Buser Oberflächentechnik AG,info@buser-ot.ch,http://www.buser-ot.ch/,Switzerland,GPS SOS Watch and GPS Tracking Devices Cooperation,"Dear Team,

We are SOGRACE, a professional GPS tracking device manufacturer from China.

We provide:
- Elderly GPS SOS watches
- Personal GPS trackers
- Pet GPS trackers
- Vehicle GPS trackers
- Asset GPS tracking devices
- GPS platform and APP solutions

We support OEM / ODM customization, APP branding, platform integration, and bulk supply for distributors.

Would you be interested in receiving our latest catalog and cooperation options?

Best regards,
Chen
SOGRACE
www.sograce.cn
info@sograce.cn

If this message is not relevant, please reply ""unsubscribe"" and we will not contact you again.
",READY,2026-06-11 12:28:24,,
651,Blickle Räder+Rollen GmbH u. Co. KG,info@blickle.com,https://www.blickle.de,Germany,GPS SOS Watch and GPS Tracking Devices Cooperation,"Dear Team,

We are SOGRACE, a professional GPS tracking device manufacturer from China.

We provide:
- Elderly GPS SOS watches
- Personal GPS trackers
- Pet GPS trackers
- Vehicle GPS trackers
- Asset GPS tracking devices
- GPS platform and APP solutions

We support OEM / ODM customization, APP branding, platform integration, and bulk supply for distributors.

Would you be interested in receiving our latest catalog and cooperation options?

Best regards,
Chen
SOGRACE
www.sograce.cn
info@sograce.cn

If this message is not relevant, please reply ""unsubscribe"" and we will not contact you again.
",READY,2026-06-11 12:28:24,,
