lead_id,company,email,website,country,score,subject,body,status,created_at,sent_at,error
932,zhihu.com,jubao@zhihu.com,https://www.zhihu.com,,120,GPS SOS Watch and GPS Tracking Devices Cooperation,"Dear Team,

We are SOGRACE, a professional GPS tracking device manufacturer from China.

We provide:
- Elderly GPS SOS watches
- Personal GPS trackers
- Pet GPS trackers
- Vehicle GPS trackers
- Asset GPS tracking devices
- GPS platform and APP solutions

We support OEM / ODM customization, APP branding, platform integration, and bulk supply for distributors.

Would you be interested in receiving our latest catalog and cooperation options?

Best regards,
Chen
SOGRACE
www.sograce.cn
info@sograce.cn

If this message is not relevant, please reply ""unsubscribe"" and we will not contact you again.
",READY,2026-06-11 12:44:10,,
930,zhihu.com,bd@zhihu.com,https://www.zhihu.com,,120,GPS SOS Watch and GPS Tracking Devices Cooperation,"Dear Team,

We are SOGRACE, a professional GPS tracking device manufacturer from China.

We provide:
- Elderly GPS SOS watches
- Personal GPS trackers
- Pet GPS trackers
- Vehicle GPS trackers
- Asset GPS tracking devices
- GPS platform and APP solutions

We support OEM / ODM customization, APP branding, platform integration, and bulk supply for distributors.

Would you be interested in receiving our latest catalog and cooperation options?

Best regards,
Chen
SOGRACE
www.sograce.cn
info@sograce.cn

If this message is not relevant, please reply ""unsubscribe"" and we will not contact you again.
",READY,2026-06-11 12:44:10,,
929,zhihu.com,agency@zhihu.com,https://www.zhihu.com,,120,GPS SOS Watch and GPS Tracking Devices Cooperation,"Dear Team,

We are SOGRACE, a professional GPS tracking device manufacturer from China.

We provide:
- Elderly GPS SOS watches
- Personal GPS trackers
- Pet GPS trackers
- Vehicle GPS trackers
- Asset GPS tracking devices
- GPS platform and APP solutions

We support OEM / ODM customization, APP branding, platform integration, and bulk supply for distributors.

Would you be interested in receiving our latest catalog and cooperation options?

Best regards,
Chen
SOGRACE
www.sograce.cn
info@sograce.cn

If this message is not relevant, please reply ""unsubscribe"" and we will not contact you again.
",READY,2026-06-11 12:44:10,,
928,zhihu.com,ad@zhihu.com,https://www.zhihu.com,,120,GPS SOS Watch and GPS Tracking Devices Cooperation,"Dear Team,

We are SOGRACE, a professional GPS tracking device manufacturer from China.

We provide:
- Elderly GPS SOS watches
- Personal GPS trackers
- Pet GPS trackers
- Vehicle GPS trackers
- Asset GPS tracking devices
- GPS platform and APP solutions

We support OEM / ODM customization, APP branding, platform integration, and bulk supply for distributors.

Would you be interested in receiving our latest catalog and cooperation options?

Best regards,
Chen
SOGRACE
www.sograce.cn
info@sograce.cn

If this message is not relevant, please reply ""unsubscribe"" and we will not contact you again.
",READY,2026-06-11 12:44:10,,
927,zhihu.com,2d8d764432cc4f6fb3bc78ab9528299d@crash2.zhihu.com,https://www.zhihu.com,,120,GPS SOS Watch and GPS Tracking Devices Cooperation,"Dear Team,

We are SOGRACE, a professional GPS tracking device manufacturer from China.

We provide:
- Elderly GPS SOS watches
- Personal GPS trackers
- Pet GPS trackers
- Vehicle GPS trackers
- Asset GPS tracking devices
- GPS platform and APP solutions

We support OEM / ODM customization, APP branding, platform integration, and bulk supply for distributors.

Would you be interested in receiving our latest catalog and cooperation options?

Best regards,
Chen
SOGRACE
www.sograce.cn
info@sograce.cn

If this message is not relevant, please reply ""unsubscribe"" and we will not contact you again.
",READY,2026-06-11 12:44:10,,
912,splashlearn.com,support@splashlearn.com,https://www.splashlearn.com,,120,GPS SOS Watch and GPS Tracking Devices Cooperation,"Dear Team,

We are SOGRACE, a professional GPS tracking device manufacturer from China.

We provide:
- Elderly GPS SOS watches
- Personal GPS trackers
- Pet GPS trackers
- Vehicle GPS trackers
- Asset GPS tracking devices
- GPS platform and APP solutions

We support OEM / ODM customization, APP branding, platform integration, and bulk supply for distributors.

Would you be interested in receiving our latest catalog and cooperation options?

Best regards,
Chen
SOGRACE
www.sograce.cn
info@sograce.cn

If this message is not relevant, please reply ""unsubscribe"" and we will not contact you again.
",READY,2026-06-11 12:44:10,,
911,splashlearn.com,help@splashlearn.com,https://www.splashlearn.com,,120,GPS SOS Watch and GPS Tracking Devices Cooperation,"Dear Team,

We are SOGRACE, a professional GPS tracking device manufacturer from China.

We provide:
- Elderly GPS SOS watches
- Personal GPS trackers
- Pet GPS trackers
- Vehicle GPS trackers
- Asset GPS tracking devices
- GPS platform and APP solutions

We support OEM / ODM customization, APP branding, platform integration, and bulk supply for distributors.

Would you be interested in receiving our latest catalog and cooperation options?

Best regards,
Chen
SOGRACE
www.sograce.cn
info@sograce.cn

If this message is not relevant, please reply ""unsubscribe"" and we will not contact you again.
",READY,2026-06-11 12:44:10,,
910,splashlearn.com,customtrackers@2.3.1.js,https://www.splashlearn.com,,120,GPS SOS Watch and GPS Tracking Devices Cooperation,"Dear Team,

We are SOGRACE, a professional GPS tracking device manufacturer from China.

We provide:
- Elderly GPS SOS watches
- Personal GPS trackers
- Pet GPS trackers
- Vehicle GPS trackers
- Asset GPS tracking devices
- GPS platform and APP solutions

We support OEM / ODM customization, APP branding, platform integration, and bulk supply for distributors.

Would you be interested in receiving our latest catalog and cooperation options?

Best regards,
Chen
SOGRACE
www.sograce.cn
info@sograce.cn

If this message is not relevant, please reply ""unsubscribe"" and we will not contact you again.
",READY,2026-06-11 12:44:10,,
909,brighterly.com,payments@brighterly.com,https://brighterly.com,,120,GPS SOS Watch and GPS Tracking Devices Cooperation,"Dear Team,

We are SOGRACE, a professional GPS tracking device manufacturer from China.

We provide:
- Elderly GPS SOS watches
- Personal GPS trackers
- Pet GPS trackers
- Vehicle GPS trackers
- Asset GPS tracking devices
- GPS platform and APP solutions

We support OEM / ODM customization, APP branding, platform integration, and bulk supply for distributors.

Would you be interested in receiving our latest catalog and cooperation options?

Best regards,
Chen
SOGRACE
www.sograce.cn
info@sograce.cn

If this message is not relevant, please reply ""unsubscribe"" and we will not contact you again.
",READY,2026-06-11 12:44:10,,
908,brighterly.com,partnerships@brighterly.com,https://brighterly.com,,120,GPS SOS Watch and GPS Tracking Devices Cooperation,"Dear Team,

We are SOGRACE, a professional GPS tracking device manufacturer from China.

We provide:
- Elderly GPS SOS watches
- Personal GPS trackers
- Pet GPS trackers
- Vehicle GPS trackers
- Asset GPS tracking devices
- GPS platform and APP solutions

We support OEM / ODM customization, APP branding, platform integration, and bulk supply for distributors.

Would you be interested in receiving our latest catalog and cooperation options?

Best regards,
Chen
SOGRACE
www.sograce.cn
info@sograce.cn

If this message is not relevant, please reply ""unsubscribe"" and we will not contact you again.
",READY,2026-06-11 12:44:10,,
907,brighterly.com,info@brighterly.com,https://brighterly.com,,120,GPS SOS Watch and GPS Tracking Devices Cooperation,"Dear Team,

We are SOGRACE, a professional GPS tracking device manufacturer from China.

We provide:
- Elderly GPS SOS watches
- Personal GPS trackers
- Pet GPS trackers
- Vehicle GPS trackers
- Asset GPS tracking devices
- GPS platform and APP solutions

We support OEM / ODM customization, APP branding, platform integration, and bulk supply for distributors.

Would you be interested in receiving our latest catalog and cooperation options?

Best regards,
Chen
SOGRACE
www.sograce.cn
info@sograce.cn

If this message is not relevant, please reply ""unsubscribe"" and we will not contact you again.
",READY,2026-06-11 12:44:10,,
901,daum.net,sbs8news@sbs.co.kr,https://www.daum.net,,120,GPS SOS Watch and GPS Tracking Devices Cooperation,"Dear Team,

We are SOGRACE, a professional GPS tracking device manufacturer from China.

We provide:
- Elderly GPS SOS watches
- Personal GPS trackers
- Pet GPS trackers
- Vehicle GPS trackers
- Asset GPS tracking devices
- GPS platform and APP solutions

We support OEM / ODM customization, APP branding, platform integration, and bulk supply for distributors.

Would you be interested in receiving our latest catalog and cooperation options?

Best regards,
Chen
SOGRACE
www.sograce.cn
info@sograce.cn

If this message is not relevant, please reply ""unsubscribe"" and we will not contact you again.
",READY,2026-06-11 12:44:10,,
900,daum.net,kbs1234@kbs.co.kr,https://www.daum.net,,120,GPS SOS Watch and GPS Tracking Devices Cooperation,"Dear Team,

We are SOGRACE, a professional GPS tracking device manufacturer from China.

We provide:
- Elderly GPS SOS watches
- Personal GPS trackers
- Pet GPS trackers
- Vehicle GPS trackers
- Asset GPS tracking devices
- GPS platform and APP solutions

We support OEM / ODM customization, APP branding, platform integration, and bulk supply for distributors.

Would you be interested in receiving our latest catalog and cooperation options?

Best regards,
Chen
SOGRACE
www.sograce.cn
info@sograce.cn

If this message is not relevant, please reply ""unsubscribe"" and we will not contact you again.
",READY,2026-06-11 12:44:10,,
844,importgenius.com,media@importgenius.com,https://www.importgenius.com,,80,GPS SOS Watch and GPS Tracking Devices Cooperation,"Dear Team,

We are SOGRACE, a professional GPS tracking device manufacturer from China.

We provide:
- Elderly GPS SOS watches
- Personal GPS trackers
- Pet GPS trackers
- Vehicle GPS trackers
- Asset GPS tracking devices
- GPS platform and APP solutions

We support OEM / ODM customization, APP branding, platform integration, and bulk supply for distributors.

Would you be interested in receiving our latest catalog and cooperation options?

Best regards,
Chen
SOGRACE
www.sograce.cn
info@sograce.cn

If this message is not relevant, please reply ""unsubscribe"" and we will not contact you again.
",READY,2026-06-11 12:44:10,,
641,ECOTELEMATICS,sales@ecotelematics.com,http://ecotelematics.com,,60,GPS SOS Watch and GPS Tracking Devices Cooperation,"Dear Team,

We are SOGRACE, a professional GPS tracking device manufacturer from China.

We provide:
- Elderly GPS SOS watches
- Personal GPS trackers
- Pet GPS trackers
- Vehicle GPS trackers
- Asset GPS tracking devices
- GPS platform and APP solutions

We support OEM / ODM customization, APP branding, platform integration, and bulk supply for distributors.

Would you be interested in receiving our latest catalog and cooperation options?

Best regards,
Chen
SOGRACE
www.sograce.cn
info@sograce.cn

If this message is not relevant, please reply ""unsubscribe"" and we will not contact you again.
",READY,2026-06-11 12:44:10,,
